Fermeture,ordreVB,faitFerm,faitIss,OTF,CodeEx,Tatouage,jour
A14&NEU-W,0,OK,True,456627,IS128,L10.396C,57
A14&NEU-W,1,OK,True,456927,IS128,L10.396C,106
A14&NEU-W,2,OK,True,457227,IS128,L10.396C,156
A14&NEU-W,3,OK,True,457527,IS128,L10.396C,225
A14&NEU-W,4,OK,True,457827,IS128,L10.396C,266
A14&NEU-W,5,OK,True,458127,IS128,L10.396C,323
A14&NEU-W,0,OK,True,456628,IS129,L10.397D,57
A14&NEU-W,1,OK,True,456928,IS129,L10.397D,106
A14&NEU-W,2,OK,True,457228,IS129,L10.397D,156
A14&NEU-W,3,OK,True,457528,IS129,L10.397D,225
A14&NEU-W,4,OK,False,457828,IS129,L10.397D,266
A14&NEU-W,5,OK,True,458128,IS129,L10.397D,323
A14&NEU-W,0,OK,True,456629,IS130,L10.398E,57
A14&NEU-W,1,OK,False,456929,IS130,L10.398E,106
A14&NEU-W,2,OK,True,457229,IS130,L10.398E,156
A14&NEU-W,3,OK,True,457529,IS130,L10.398E,225
A14&NEU-W,4,OK,True,457829,IS130,L10.398E,266
A14&NEU-W,5,OK,True,458129,IS130,L10.398E,323
A14&NEU-W,0,OK,True,456630,IS131,L10.399F,57
A14&NEU-W,1,OK,True,456930,IS131,L10.399F,106
A14&NEU-W,2,OK,True,457230,IS131,L10.399F,156
A14&NEU-W,3,OK,True,457530,IS131,L10.399F,225
A14&NEU-W,4,OK,True,457830,IS131,L10.399F,266
A14&NEU-W,5,OK,True,458130,IS131,L10.399F,323
A14&NEU-W,0,OK,True,456631,IS132,L10.401H,57
A14&NEU-W,1,OK,True,456931,IS132,L10.401H,106
A14&NEU-W,2,OK,True,457231,IS132,L10.401H,156
A14&NEU-W,3,OK,True,457531,IS132,L10.401H,225
A14&NEU-W,4,OK,True,457831,IS132,L10.401H,266
A14&NEU-W,5,OK,True,458131,IS132,L10.401H,323
A14&NEU-W,0,OK,True,456632,IS133,L10.402J,57
A14&NEU-W,1,OK,True,456932,IS133,L10.402J,106
A14&NEU-W,2,OK,False,457232,IS133,L10.402J,156
A14&NEU-W,3,OK,False,457532,IS133,L10.402J,225
A14&NEU-W,4,OK,True,457832,IS133,L10.402J,266
A14&NEU-W,5,OK,True,458132,IS133,L10.402J,323
A14&NEU-W,0,OK,True,456633,IS134,L10.403K,57
A14&NEU-W,1,OK,True,456933,IS134,L10.403K,106
A14&NEU-W,2,OK,True,457233,IS134,L10.403K,156
A14&NEU-W,3,OK,True,457533,IS134,L10.403K,225
A14&NEU-W,4,OK,True,457833,IS134,L10.403K,266
A14&NEU-W,5,OK,True,458133,IS134,L10.403K,323
A14&NEU-W,0,OK,True,456634,IS135,L10.404L,57
A14&NEU-W,1,OK,True,456934,IS135,L10.404L,106
A14&NEU-W,2,OK,True,457234,IS135,L10.404L,156
A14&NEU-W,3,OK,True,457534,IS135,L10.404L,225
A14&NEU-W,4,OK,True,457834,IS135,L10.404L,266
A14&NEU-W,5,OK,True,458134,IS135,L10.404L,323
A14&NEU-W,0,OK,True,456635,IS136,L10.405M,57
A14&NEU-W,1,OK,True,456935,IS136,L10.405M,106
A14&NEU-W,2,OK,True,457235,IS136,L10.405M,156
A14&NEU-W,3,OK,True,457535,IS136,L10.405M,225
A14&NEU-W,4,OK,True,457835,IS136,L10.405M,266
A14&NEU-W,5,OK,True,458135,IS136,L10.405M,323
A14&NEU-W,0,OK,True,456636,IS137,L10.406N,57
A14&NEU-W,1,OK,False,456936,IS137,L10.406N,106
A14&NEU-W,2,OK,True,457236,IS137,L10.406N,156
A14&NEU-W,3,OK,True,457536,IS137,L10.406N,225
A14&NEU-W,4,OK,True,457836,IS137,L10.406N,266
A14&NEU-W,5,OK,True,458136,IS137,L10.406N,323
A14&NEU-W,0,OK,True,456637,IS138,L10.407P,57
A14&NEU-W,1,OK,True,456937,IS138,L10.407P,106
A14&NEU-W,2,OK,True,457237,IS138,L10.407P,156
A14&NEU-W,3,OK,True,457537,IS138,L10.407P,225
A14&NEU-W,4,OK,True,457837,IS138,L10.407P,266
A14&NEU-W,5,OK,True,458137,IS138,L10.407P,323
A14&NEU-W,0,OK,True,456638,IS139,L10.408R,57
A14&NEU-W,1,OK,True,456938,IS139,L10.408R,106
A14&NEU-W,2,OK,True,457238,IS139,L10.408R,156
A14&NEU-W,3,OK,True,457538,IS139,L10.408R,225
A14&NEU-W,4,OK,True,457838,IS139,L10.408R,266
A14&NEU-W,5,OK,True,458138,IS139,L10.408R,323
A14&NEU-W,0,OK,True,456639,IS140,L10.409S,57
A14&NEU-W,1,OK,True,456939,IS140,L10.409S,106
A14&NEU-W,2,OK,True,457239,IS140,L10.409S,156
A14&NEU-W,3,OK,False,457539,IS140,L10.409S,225
A14&NEU-W,4,OK,True,457839,IS140,L10.409S,266
A14&NEU-W,5,OK,True,458139,IS140,L10.409S,323
A14&NEU-W,0,OK,True,456640,IS141,L10.411U,57
A14&NEU-W,1,OK,True,456940,IS141,L10.411U,106
A14&NEU-W,2,OK,True,457240,IS141,L10.411U,156
A14&NEU-W,3,OK,True,457540,IS141,L10.411U,225
A14&NEU-W,4,OK,True,457840,IS141,L10.411U,266
A14&NEU-W,5,OK,True,458140,IS141,L10.411U,323
A14&NEU-W,0,OK,True,456641,IS142,L10.412V,57
A14&NEU-W,1,OK,True,456941,IS142,L10.412V,106
A14&NEU-W,2,OK,True,457241,IS142,L10.412V,156
A14&NEU-W,3,OK,True,457541,IS142,L10.412V,225
A14&NEU-W,4,OK,True,457841,IS142,L10.412V,266
A14&NEU-W,5,OK,True,458141,IS142,L10.412V,323
A14&NEU-W,0,OK,True,456642,IS143,L10.413W,57
A14&NEU-W,1,OK,True,456942,IS143,L10.413W,106
A14&NEU-W,2,OK,True,457242,IS143,L10.413W,156
A14&NEU-W,3,OK,True,457542,IS143,L10.413W,225
A14&NEU-W,4,OK,True,457842,IS143,L10.413W,266
A14&NEU-W,5,OK,True,458142,IS143,L10.413W,323
A14&NEU-W,0,OK,True,456643,IS144,L10.414X,57
A14&NEU-W,1,OK,False,456943,IS144,L10.414X,106
A14&NEU-W,2,OK,True,457243,IS144,L10.414X,156
A14&NEU-W,3,OK,True,457543,IS144,L10.414X,225
A14&NEU-W,4,OK,True,457843,IS144,L10.414X,266
A14&NEU-W,5,OK,True,458143,IS144,L10.414X,323
A14&NEU-W,0,OK,True,456644,IS145,L10.415Y,57
A14&NEU-W,1,OK,True,456944,IS145,L10.415Y,106
A14&NEU-W,2,OK,True,457244,IS145,L10.415Y,156
A14&NEU-W,3,OK,True,457544,IS145,L10.415Y,225
A14&NEU-W,4,OK,True,457844,IS145,L10.415Y,266
A14&NEU-W,5,OK,True,458144,IS145,L10.415Y,323
A14&NEU-W,0,OK,True,456645,IS146,L10.416A,57
A14&NEU-W,1,OK,True,456945,IS146,L10.416A,106
A14&NEU-W,2,OK,True,457245,IS146,L10.416A,156
A14&NEU-W,3,OK,True,457545,IS146,L10.416A,225
A14&NEU-W,4,OK,True,457845,IS146,L10.416A,266
A14&NEU-W,5,OK,True,458145,IS146,L10.416A,323
A14&NEU-W,0,OK,True,456646,IS147,L10.417C,57
A14&NEU-W,1,OK,True,456946,IS147,L10.417C,106
A14&NEU-W,2,OK,True,457246,IS147,L10.417C,156
A14&NEU-W,3,OK,True,457546,IS147,L10.417C,225
A14&NEU-W,4,OK,True,457846,IS147,L10.417C,266
A14&NEU-W,5,OK,True,458146,IS147,L10.417C,323
A14&NEU-W,0,OK,True,456647,IS148,L10.418D,57
A14&NEU-W,1,OK,True,456947,IS148,L10.418D,106
A14&NEU-W,2,OK,True,457247,IS148,L10.418D,156
A14&NEU-W,3,OK,True,457547,IS148,L10.418D,225
A14&NEU-W,4,OK,True,457847,IS148,L10.418D,266
A14&NEU-W,5,OK,True,458147,IS148,L10.418D,323
A14&NEU-W,0,OK,True,456648,IS149,L10.419E,57
A14&NEU-W,1,OK,True,456948,IS149,L10.419E,106
A14&NEU-W,2,OK,True,457248,IS149,L10.419E,156
A14&NEU-W,3,OK,False,457548,IS149,L10.419E,225
A14&NEU-W,4,OK,True,457848,IS149,L10.419E,266
A14&NEU-W,5,OK,True,458148,IS149,L10.419E,323
A14&NEU-W,0,OK,True,456649,IS150,L10.421G,57
A14&NEU-W,1,OK,True,456949,IS150,L10.421G,106
A14&NEU-W,2,OK,True,457249,IS150,L10.421G,156
A14&NEU-W,3,OK,True,457549,IS150,L10.421G,225
A14&NEU-W,4,OK,True,457849,IS150,L10.421G,266
A14&NEU-W,5,OK,True,458149,IS150,L10.421G,323
A14&NEU-W,0,OK,True,456650,IS151,L10.422H,57
A14&NEU-W,1,OK,True,456950,IS151,L10.422H,106
A14&NEU-W,2,OK,True,457250,IS151,L10.422H,156
A14&NEU-W,3,OK,True,457550,IS151,L10.422H,225
A14&NEU-W,4,OK,True,457850,IS151,L10.422H,266
A14&NEU-W,5,OK,True,458150,IS151,L10.422H,323
A14&NEU-W,0,OK,False,456651,IS152,L10.423J,57
A14&NEU-W,1,OK,True,456951,IS152,L10.423J,106
A14&NEU-W,2,OK,True,457251,IS152,L10.423J,156
A14&NEU-W,3,OK,True,457551,IS152,L10.423J,225
A14&NEU-W,4,OK,True,457851,IS152,L10.423J,266
A14&NEU-W,5,OK,True,458151,IS152,L10.423J,323
A14&NEU-W,0,OK,True,456652,IS153,L10.424K,57
A14&NEU-W,1,OK,True,456952,IS153,L10.424K,106
A14&NEU-W,2,OK,True,457252,IS153,L10.424K,156
A14&NEU-W,3,OK,True,457552,IS153,L10.424K,225
A14&NEU-W,4,OK,True,457852,IS153,L10.424K,266
A14&NEU-W,5,OK,True,458152,IS153,L10.424K,323
A14&NEU-W,0,OK,True,456654,IS154,L10.426M,57
A14&NEU-W,1,OK,True,456954,IS154,L10.426M,106
A14&NEU-W,2,OK,True,457254,IS154,L10.426M,156
A14&NEU-W,3,OK,False,457554,IS154,L10.426M,225
A14&NEU-W,4,OK,True,457854,IS154,L10.426M,266
A14&NEU-W,5,OK,True,458154,IS154,L10.426M,323
A14&NEU-W,0,OK,True,456660,IS176,L10.435X,57
A14&NEU-W,1,OK,True,456960,IS176,L10.435X,106
A14&NEU-W,2,OK,True,457260,IS176,L10.435X,156
A14&NEU-W,3,OK,True,457560,IS176,L10.435X,225
A14&NEU-W,4,OK,False,457860,IS176,L10.435X,266
A14&NEU-W,5,OK,True,458160,IS176,L10.435X,323
A14&NEU-W,0,OK,True,456661,IS177,L10.436Y,57
A14&NEU-W,1,OK,True,456961,IS177,L10.436Y,106
A14&NEU-W,2,OK,True,457261,IS177,L10.436Y,156
A14&NEU-W,3,OK,True,457561,IS177,L10.436Y,225
A14&NEU-W,4,OK,True,457861,IS177,L10.436Y,266
A14&NEU-W,5,OK,True,458161,IS177,L10.436Y,323
A14&NEU-W,0,OK,True,456670,IS502,L10.669C,57
A14&NEU-W,1,OK,True,456970,IS502,L10.669C,106
A14&NEU-W,2,OK,True,457270,IS502,L10.669C,156
A14&NEU-W,3,OK,True,457570,IS502,L10.669C,225
A14&NEU-W,4,OK,False,457870,IS502,L10.669C,266
A14&NEU-W,5,OK,True,458170,IS502,L10.669C,323
A14&NEU-W,0,OK,False,456677,IS155,L10.834X,57
A14&NEU-W,1,OK,True,456977,IS155,L10.834X,106
A14&NEU-W,2,OK,True,457277,IS155,L10.834X,156
A14&NEU-W,3,OK,True,457577,IS155,L10.834X,225
A14&NEU-W,4,OK,True,457877,IS155,L10.834X,266
A14&NEU-W,5,OK,True,458177,IS155,L10.834X,323
A14&NEU-W,0,OK,True,456678,IS156,L10.835Y,57
A14&NEU-W,1,OK,True,456978,IS156,L10.835Y,106
A14&NEU-W,2,OK,True,457278,IS156,L10.835Y,156
A14&NEU-W,3,OK,True,457578,IS156,L10.835Y,225
A14&NEU-W,4,OK,True,457878,IS156,L10.835Y,266
A14&NEU-W,5,OK,True,458178,IS156,L10.835Y,323
A14&NEU-W,0,OK,False,456679,IS157,L10.836A,57
A14&NEU-W,1,OK,True,456979,IS157,L10.836A,106
A14&NEU-W,2,OK,True,457279,IS157,L10.836A,156
A14&NEU-W,3,OK,True,457579,IS157,L10.836A,225
A14&NEU-W,4,OK,True,457879,IS157,L10.836A,266
A14&NEU-W,5,OK,True,458179,IS157,L10.836A,323
A14&NEU-W,0,OK,True,456680,IS158,L10.837C,57
A14&NEU-W,1,OK,True,456980,IS158,L10.837C,106
A14&NEU-W,2,OK,True,457280,IS158,L10.837C,156
A14&NEU-W,3,OK,True,457580,IS158,L10.837C,225
A14&NEU-W,4,OK,True,457880,IS158,L10.837C,266
A14&NEU-W,5,OK,True,458180,IS158,L10.837C,323
A14&NEU-W,0,OK,True,456681,IS503,L11.513F,57
A14&NEU-W,1,OK,True,456981,IS503,L11.513F,106
A14&NEU-W,2,OK,True,457281,IS503,L11.513F,156
A14&NEU-W,3,OK,True,457581,IS503,L11.513F,225
A14&NEU-W,4,OK,True,457881,IS503,L11.513F,266
A14&NEU-W,5,OK,True,458181,IS503,L11.513F,323
A14&NEU-W,0,OK,True,456682,IS504,L11.514G,57
A14&NEU-W,1,OK,True,456982,IS504,L11.514G,106
A14&NEU-W,2,OK,True,457282,IS504,L11.514G,156
A14&NEU-W,3,OK,True,457582,IS504,L11.514G,225
A14&NEU-W,4,OK,True,457882,IS504,L11.514G,266
A14&NEU-W,5,OK,True,458182,IS504,L11.514G,323
A14&NEU-Y,0,OK,True,456600,IS101,L10.366R,49
A14&NEU-Y,1,OK,False,456900,IS101,L10.366R,108
A14&NEU-Y,2,RP,True,457200,IS101,L10.366R,171
A14&NEU-Y,3,OK,True,457500,IS101,L10.366R,204
A14&NEU-Y,4,OK,True,457800,IS101,L10.366R,273
A14&NEU-Y,5,OK,True,458100,IS101,L10.366R,316
A14&NEU-Y,0,OK,True,456601,IS102,L10.367S,49
A14&NEU-Y,1,OK,True,456901,IS102,L10.367S,108
A14&NEU-Y,2,RP,True,457201,IS102,L10.367S,171
A14&NEU-Y,3,OK,True,457501,IS102,L10.367S,204
A14&NEU-Y,4,OK,True,457801,IS102,L10.367S,273
A14&NEU-Y,5,OK,True,458101,IS102,L10.367S,316
A14&NEU-Y,0,OK,True,456602,IS103,L10.368T,49
A14&NEU-Y,1,OK,True,456902,IS103,L10.368T,108
A14&NEU-Y,2,RP,True,457202,IS103,L10.368T,171
A14&NEU-Y,3,OK,True,457502,IS103,L10.368T,204
A14&NEU-Y,4,OK,True,457802,IS103,L10.368T,273
A14&NEU-Y,5,OK,True,458102,IS103,L10.368T,316
A14&NEU-Y,0,OK,True,456603,IS104,L10.369U,49
A14&NEU-Y,1,OK,True,456903,IS104,L10.369U,108
A14&NEU-Y,2,RP,True,457203,IS104,L10.369U,171
A14&NEU-Y,3,OK,True,457503,IS104,L10.369U,204
A14&NEU-Y,4,OK,True,457803,IS104,L10.369U,273
A14&NEU-Y,5,OK,True,458103,IS104,L10.369U,316
A14&NEU-Y,0,OK,True,456604,IS105,L10.371W,49
A14&NEU-Y,1,OK,True,456904,IS105,L10.371W,108
A14&NEU-Y,2,RP,True,457204,IS105,L10.371W,171
A14&NEU-Y,3,OK,True,457504,IS105,L10.371W,204
A14&NEU-Y,4,OK,True,457804,IS105,L10.371W,273
A14&NEU-Y,5,OK,True,458104,IS105,L10.371W,316
A14&NEU-Y,0,OK,True,456605,IS106,L10.372X,49
A14&NEU-Y,1,OK,True,456905,IS106,L10.372X,108
A14&NEU-Y,2,RP,False,457205,IS106,L10.372X,171
A14&NEU-Y,3,OK,True,457505,IS106,L10.372X,204
A14&NEU-Y,4,OK,True,457805,IS106,L10.372X,273
A14&NEU-Y,5,OK,True,458105,IS106,L10.372X,316
A14&NEU-Y,0,OK,True,456606,IS107,L10.373Y,49
A14&NEU-Y,1,OK,True,456906,IS107,L10.373Y,108
A14&NEU-Y,2,RP,True,457206,IS107,L10.373Y,171
A14&NEU-Y,3,OK,True,457506,IS107,L10.373Y,204
A14&NEU-Y,4,OK,True,457806,IS107,L10.373Y,273
A14&NEU-Y,5,OK,True,458106,IS107,L10.373Y,316
A14&NEU-Y,0,OK,True,456607,IS108,L10.374A,49
A14&NEU-Y,1,OK,True,456907,IS108,L10.374A,108
A14&NEU-Y,2,RP,True,457207,IS108,L10.374A,171
A14&NEU-Y,3,OK,True,457507,IS108,L10.374A,204
A14&NEU-Y,4,OK,False,457807,IS108,L10.374A,273
A14&NEU-Y,5,OK,True,458107,IS108,L10.374A,316
A14&NEU-Y,0,OK,True,456608,IS109,L10.375C,49
A14&NEU-Y,1,OK,True,456908,IS109,L10.375C,108
A14&NEU-Y,2,RP,True,457208,IS109,L10.375C,171
A14&NEU-Y,3,OK,True,457508,IS109,L10.375C,204
A14&NEU-Y,4,OK,True,457808,IS109,L10.375C,273
A14&NEU-Y,5,OK,True,458108,IS109,L10.375C,316
A14&NEU-Y,0,OK,True,456609,IS110,L10.376D,49
A14&NEU-Y,1,OK,True,456909,IS110,L10.376D,108
A14&NEU-Y,2,RP,True,457209,IS110,L10.376D,171
A14&NEU-Y,3,OK,True,457509,IS110,L10.376D,204
A14&NEU-Y,4,OK,True,457809,IS110,L10.376D,273
A14&NEU-Y,5,OK,True,458109,IS110,L10.376D,316
A14&NEU-Y,0,OK,False,456610,IS111,L10.377E,49
A14&NEU-Y,1,OK,True,456910,IS111,L10.377E,108
A14&NEU-Y,2,RP,True,457210,IS111,L10.377E,171
A14&NEU-Y,3,OK,True,457510,IS111,L10.377E,204
A14&NEU-Y,4,OK,True,457810,IS111,L10.377E,273
A14&NEU-Y,5,OK,False,458110,IS111,L10.377E,316
A14&NEU-Y,0,OK,True,456611,IS112,L10.378F,49
A14&NEU-Y,1,OK,True,456911,IS112,L10.378F,108
A14&NEU-Y,2,RP,True,457211,IS112,L10.378F,171
A14&NEU-Y,3,OK,True,457511,IS112,L10.378F,204
A14&NEU-Y,4,OK,True,457811,IS112,L10.378F,273
A14&NEU-Y,5,OK,True,458111,IS112,L10.378F,316
A14&NEU-Y,0,OK,True,456612,IS113,L10.379G,49
A14&NEU-Y,1,OK,True,456912,IS113,L10.379G,108
A14&NEU-Y,2,RP,True,457212,IS113,L10.379G,171
A14&NEU-Y,3,OK,True,457512,IS113,L10.379G,204
A14&NEU-Y,4,OK,True,457812,IS113,L10.379G,273
A14&NEU-Y,5,OK,True,458112,IS113,L10.379G,316
A14&NEU-Y,0,OK,True,456613,IS114,L10.381J,49
A14&NEU-Y,1,OK,True,456913,IS114,L10.381J,108
A14&NEU-Y,2,RP,True,457213,IS114,L10.381J,171
A14&NEU-Y,3,OK,True,457513,IS114,L10.381J,204
A14&NEU-Y,4,OK,True,457813,IS114,L10.381J,273
A14&NEU-Y,5,OK,True,458113,IS114,L10.381J,316
A14&NEU-Y,0,OK,True,456614,IS115,L10.382K,49
A14&NEU-Y,1,OK,True,456914,IS115,L10.382K,108
A14&NEU-Y,2,RP,True,457214,IS115,L10.382K,171
A14&NEU-Y,3,OK,True,457514,IS115,L10.382K,204
A14&NEU-Y,4,OK,True,457814,IS115,L10.382K,273
A14&NEU-Y,5,OK,True,458114,IS115,L10.382K,316
A14&NEU-Y,0,OK,True,456615,IS116,L10.383L,49
A14&NEU-Y,1,OK,True,456915,IS116,L10.383L,108
A14&NEU-Y,2,RP,True,457215,IS116,L10.383L,171
A14&NEU-Y,3,OK,True,457515,IS116,L10.383L,204
A14&NEU-Y,4,OK,True,457815,IS116,L10.383L,273
A14&NEU-Y,5,OK,False,458115,IS116,L10.383L,316
A14&NEU-Y,0,OK,True,456616,IS117,L10.384M,49
A14&NEU-Y,1,OK,True,456916,IS117,L10.384M,108
A14&NEU-Y,2,RP,True,457216,IS117,L10.384M,171
A14&NEU-Y,3,OK,True,457516,IS117,L10.384M,204
A14&NEU-Y,4,OK,True,457816,IS117,L10.384M,273
A14&NEU-Y,5,OK,True,458116,IS117,L10.384M,316
A14&NEU-Y,0,OK,True,456617,IS118,L10.385N,49
A14&NEU-Y,1,OK,True,456917,IS118,L10.385N,108
A14&NEU-Y,2,RP,True,457217,IS118,L10.385N,171
A14&NEU-Y,3,OK,True,457517,IS118,L10.385N,204
A14&NEU-Y,4,OK,True,457817,IS118,L10.385N,273
A14&NEU-Y,5,OK,True,458117,IS118,L10.385N,316
A14&NEU-Y,0,OK,True,456618,IS119,L10.386P,49
A14&NEU-Y,1,OK,True,456918,IS119,L10.386P,108
A14&NEU-Y,2,RP,True,457218,IS119,L10.386P,171
A14&NEU-Y,3,OK,True,457518,IS119,L10.386P,204
A14&NEU-Y,4,OK,True,457818,IS119,L10.386P,273
A14&NEU-Y,5,OK,True,458118,IS119,L10.386P,316
A14&NEU-Y,0,OK,True,456620,IS121,L10.388S,49
A14&NEU-Y,1,OK,True,456920,IS121,L10.388S,108
A14&NEU-Y,2,RP,True,457220,IS121,L10.388S,171
A14&NEU-Y,3,OK,True,457520,IS121,L10.388S,204
A14&NEU-Y,4,OK,True,457820,IS121,L10.388S,273
A14&NEU-Y,5,OK,True,458120,IS121,L10.388S,316
A14&NEU-Y,0,OK,True,456626,IS127,L10.395A,49
A14&NEU-Y,1,OK,True,456926,IS127,L10.395A,108
A14&NEU-Y,2,RP,True,457226,IS127,L10.395A,171
A14&NEU-Y,3,OK,True,457526,IS127,L10.395A,204
A14&NEU-Y,4,OK,True,457826,IS127,L10.395A,273
A14&NEU-Y,5,OK,True,458126,IS127,L10.395A,316
A14&NEU-Y,0,OK,True,456653,IS103A,L10.425L,49
A14&NEU-Y,1,OK,True,456953,IS103A,L10.425L,108
A14&NEU-Y,2,RP,True,457253,IS103A,L10.425L,171
A14&NEU-Y,3,OK,True,457553,IS103A,L10.425L,204
A14&NEU-Y,4,OK,True,457853,IS103A,L10.425L,273
A14&NEU-Y,5,OK,True,458153,IS103A,L10.425L,316
A14&NEU-Y,0,OK,True,456669,IS501,L10.668A,49
A14&NEU-Y,1,OK,True,456969,IS501,L10.668A,108
A14&NEU-Y,2,RP,True,457269,IS501,L10.668A,171
A14&NEU-Y,3,OK,True,457569,IS501,L10.668A,204
A14&NEU-Y,4,OK,True,457869,IS501,L10.668A,273
A14&NEU-Y,5,OK,True,458169,IS501,L10.668A,316
A14&NEU-Y,0,OK,True,456683,IS185,L11.773P,49
A14&NEU-Y,1,OK,False,456983,IS185,L11.773P,108
A14&NEU-Y,2,RP,True,457283,IS185,L11.773P,171
A14&NEU-Y,3,OK,True,457583,IS185,L11.773P,204
A14&NEU-Y,4,OK,True,457883,IS185,L11.773P,273
A14&NEU-Y,5,OK,True,458183,IS185,L11.773P,316
A14&NEU-Y,0,OK,True,456684,IS186,L11.774R,49
A14&NEU-Y,1,OK,True,456984,IS186,L11.774R,108
A14&NEU-Y,2,RP,True,457284,IS186,L11.774R,171
A14&NEU-Y,3,OK,True,457584,IS186,L11.774R,204
A14&NEU-Y,4,OK,True,457884,IS186,L11.774R,273
A14&NEU-Y,5,OK,True,458184,IS186,L11.774R,316
BAP&SCL-W,0,OK,True,456863,IS438,L10.625Y,45
BAP&SCL-W,1,OK,True,457163,IS438,L10.625Y,112
BAP&SCL-W,2,OK,True,457463,IS438,L10.625Y,170
BAP&SCL-W,3,KO,True,457763,IS438,L10.625Y,225
BAP&SCL-W,4,RP,True,458063,IS438,L10.625Y,259
BAP&SCL-W,5,OK,True,458363,IS438,L10.625Y,325
BAP&SCL-W,0,OK,False,456864,IS439,L10.626A,45
BAP&SCL-W,1,OK,True,457164,IS439,L10.626A,112
BAP&SCL-W,2,OK,True,457464,IS439,L10.626A,170
BAP&SCL-W,3,KO,True,457764,IS439,L10.626A,225
BAP&SCL-W,4,RP,True,458064,IS439,L10.626A,259
BAP&SCL-W,5,OK,True,458364,IS439,L10.626A,325
BAP&SCL-W,0,OK,True,456865,IS440,L10.627C,45
BAP&SCL-W,1,OK,True,457165,IS440,L10.627C,112
BAP&SCL-W,2,OK,True,457465,IS440,L10.627C,170
BAP&SCL-W,3,KO,True,457765,IS440,L10.627C,225
BAP&SCL-W,4,RP,True,458065,IS440,L10.627C,259
BAP&SCL-W,5,OK,True,458365,IS440,L10.627C,325
BAP&SCL-W,0,OK,True,456866,IS441,L10.628D,45
BAP&SCL-W,1,OK,True,457166,IS441,L10.628D,112
BAP&SCL-W,2,OK,True,457466,IS441,L10.628D,170
BAP&SCL-W,3,KO,True,457766,IS441,L10.628D,225
BAP&SCL-W,4,RP,True,458066,IS441,L10.628D,259
BAP&SCL-W,5,OK,True,458366,IS441,L10.628D,325
BAP&SCL-W,0,OK,True,456867,IS442,L10.629E,45
BAP&SCL-W,1,OK,True,457167,IS442,L10.629E,112
BAP&SCL-W,2,OK,True,457467,IS442,L10.629E,170
BAP&SCL-W,3,KO,True,457767,IS442,L10.629E,225
BAP&SCL-W,4,RP,True,458067,IS442,L10.629E,259
BAP&SCL-W,5,OK,True,458367,IS442,L10.629E,325
BAP&SCL-W,0,OK,True,456868,IS443,L10.631G,45
BAP&SCL-W,1,OK,True,457168,IS443,L10.631G,112
BAP&SCL-W,2,OK,True,457468,IS443,L10.631G,170
BAP&SCL-W,3,KO,True,457768,IS443,L10.631G,225
BAP&SCL-W,4,RP,True,458068,IS443,L10.631G,259
BAP&SCL-W,5,OK,True,458368,IS443,L10.631G,325
BAP&SCL-W,0,OK,True,456869,IS444,L10.632H,45
BAP&SCL-W,1,OK,True,457169,IS444,L10.632H,112
BAP&SCL-W,2,OK,True,457469,IS444,L10.632H,170
BAP&SCL-W,3,KO,True,457769,IS444,L10.632H,225
BAP&SCL-W,4,RP,True,458069,IS444,L10.632H,259
BAP&SCL-W,5,OK,True,458369,IS444,L10.632H,325
BAP&SCL-W,0,OK,True,456870,IS445,L10.633J,45
BAP&SCL-W,1,OK,True,457170,IS445,L10.633J,112
BAP&SCL-W,2,OK,True,457470,IS445,L10.633J,170
BAP&SCL-W,3,KO,True,457770,IS445,L10.633J,225
BAP&SCL-W,4,RP,True,458070,IS445,L10.633J,259
BAP&SCL-W,5,OK,True,458370,IS445,L10.633J,325
BAP&SCL-W,0,OK,True,456877,IS457,L10.641T,45
BAP&SCL-W,1,OK,True,457177,IS457,L10.641T,112
BAP&SCL-W,2,OK,True,457477,IS457,L10.641T,170
BAP&SCL-W,3,KO,True,457777,IS457,L10.641T,225
BAP&SCL-W,4,RP,True,458077,IS457,L10.641T,259
BAP&SCL-W,5,OK,True,458377,IS457,L10.641T,325
BAP&SCL-W,0,OK,True,456878,IS458,L10.642U,45
BAP&SCL-W,1,OK,True,457178,IS458,L10.642U,112
BAP&SCL-W,2,OK,True,457478,IS458,L10.642U,170
BAP&SCL-W,3,KO,True,457778,IS458,L10.642U,225
BAP&SCL-W,4,RP,True,458078,IS458,L10.642U,259
BAP&SCL-W,5,OK,True,458378,IS458,L10.642U,325
BAP&SCL-W,0,OK,True,456879,IS459,L10.643V,45
BAP&SCL-W,1,OK,False,457179,IS459,L10.643V,112
BAP&SCL-W,2,OK,True,457479,IS459,L10.643V,170
BAP&SCL-W,3,KO,True,457779,IS459,L10.643V,225
BAP&SCL-W,4,RP,True,458079,IS459,L10.643V,259
BAP&SCL-W,5,OK,True,458379,IS459,L10.643V,325
BAP&SCL-W,0,OK,True,456880,IS460,L10.644W,45
BAP&SCL-W,1,OK,True,457180,IS460,L10.644W,112
BAP&SCL-W,2,OK,True,457480,IS460,L10.644W,170
BAP&SCL-W,3,KO,True,457780,IS460,L10.644W,225
BAP&SCL-W,4,RP,False,458080,IS460,L10.644W,259
BAP&SCL-W,5,OK,True,458380,IS460,L10.644W,325
BAP&SCL-W,0,OK,True,456881,IS461,L10.645X,45
BAP&SCL-W,1,OK,True,457181,IS461,L10.645X,112
BAP&SCL-W,2,OK,True,457481,IS461,L10.645X,170
BAP&SCL-W,3,KO,True,457781,IS461,L10.645X,225
BAP&SCL-W,4,RP,True,458081,IS461,L10.645X,259
BAP&SCL-W,5,OK,True,458381,IS461,L10.645X,325
BAP&SCL-W,0,OK,True,456882,IS462,L10.646Y,45
BAP&SCL-W,1,OK,True,457182,IS462,L10.646Y,112
BAP&SCL-W,2,OK,True,457482,IS462,L10.646Y,170
BAP&SCL-W,3,KO,True,457782,IS462,L10.646Y,225
BAP&SCL-W,4,RP,True,458082,IS462,L10.646Y,259
BAP&SCL-W,5,OK,True,458382,IS462,L10.646Y,325
BAP&SCL-W,0,OK,True,456885,IS463,L11.515H,45
BAP&SCL-W,1,OK,True,457185,IS463,L11.515H,112
BAP&SCL-W,2,OK,True,457485,IS463,L11.515H,170
BAP&SCL-W,3,KO,True,457785,IS463,L11.515H,225
BAP&SCL-W,4,RP,True,458085,IS463,L11.515H,259
BAP&SCL-W,5,OK,True,458385,IS463,L11.515H,325
BAP&SCL-Y,0,RP,True,456856,IS431,L10.617P,51
BAP&SCL-Y,1,RP,True,457156,IS431,L10.617P,106
BAP&SCL-Y,2,OK,True,457456,IS431,L10.617P,162
BAP&SCL-Y,3,OK,True,457756,IS431,L10.617P,212
BAP&SCL-Y,4,OK,True,458056,IS431,L10.617P,281
BAP&SCL-Y,5,OK,True,458356,IS431,L10.617P,337
BAP&SCL-Y,0,RP,True,456857,IS432,L10.618R,51
BAP&SCL-Y,1,RP,True,457157,IS432,L10.618R,106
BAP&SCL-Y,2,OK,True,457457,IS432,L10.618R,162
BAP&SCL-Y,3,OK,True,457757,IS432,L10.618R,212
BAP&SCL-Y,4,OK,True,458057,IS432,L10.618R,281
BAP&SCL-Y,5,OK,True,458357,IS432,L10.618R,337
BAP&SCL-Y,0,RP,True,456858,IS433,L10.619S,51
BAP&SCL-Y,1,RP,True,457158,IS433,L10.619S,106
BAP&SCL-Y,2,OK,True,457458,IS433,L10.619S,162
BAP&SCL-Y,3,OK,False,457758,IS433,L10.619S,212
BAP&SCL-Y,4,OK,True,458058,IS433,L10.619S,281
BAP&SCL-Y,5,OK,True,458358,IS433,L10.619S,337
BAP&SCL-Y,0,RP,True,456859,IS434,L10.621U,51
BAP&SCL-Y,1,RP,True,457159,IS434,L10.621U,106
BAP&SCL-Y,2,OK,True,457459,IS434,L10.621U,162
BAP&SCL-Y,3,OK,True,457759,IS434,L10.621U,212
BAP&SCL-Y,4,OK,True,458059,IS434,L10.621U,281
BAP&SCL-Y,5,OK,True,458359,IS434,L10.621U,337
BAP&SCL-Y,0,RP,True,456860,IS435,L10.622V,51
BAP&SCL-Y,1,RP,True,457160,IS435,L10.622V,106
BAP&SCL-Y,2,OK,True,457460,IS435,L10.622V,162
BAP&SCL-Y,3,OK,True,457760,IS435,L10.622V,212
BAP&SCL-Y,4,OK,True,458060,IS435,L10.622V,281
BAP&SCL-Y,5,OK,True,458360,IS435,L10.622V,337
BAP&SCL-Y,0,RP,True,456861,IS436,L10.623W,51
BAP&SCL-Y,1,RP,True,457161,IS436,L10.623W,106
BAP&SCL-Y,2,OK,True,457461,IS436,L10.623W,162
BAP&SCL-Y,3,OK,True,457761,IS436,L10.623W,212
BAP&SCL-Y,4,OK,True,458061,IS436,L10.623W,281
BAP&SCL-Y,5,OK,True,458361,IS436,L10.623W,337
BAP&SCL-Y,0,RP,True,456862,IS437,L10.624X,51
BAP&SCL-Y,1,RP,True,457162,IS437,L10.624X,106
BAP&SCL-Y,2,OK,True,457462,IS437,L10.624X,162
BAP&SCL-Y,3,OK,True,457762,IS437,L10.624X,212
BAP&SCL-Y,4,OK,True,458062,IS437,L10.624X,281
BAP&SCL-Y,5,OK,True,458362,IS437,L10.624X,337
BAP&SCL-Y,0,RP,True,456871,IS451,L10.634K,51
BAP&SCL-Y,1,RP,True,457171,IS451,L10.634K,106
BAP&SCL-Y,2,OK,True,457471,IS451,L10.634K,162
BAP&SCL-Y,3,OK,True,457771,IS451,L10.634K,212
BAP&SCL-Y,4,OK,True,458071,IS451,L10.634K,281
BAP&SCL-Y,5,OK,True,458371,IS451,L10.634K,337
BAP&SCL-Y,0,RP,True,456872,IS452,L10.635L,51
BAP&SCL-Y,1,RP,True,457172,IS452,L10.635L,106
BAP&SCL-Y,2,OK,True,457472,IS452,L10.635L,162
BAP&SCL-Y,3,OK,True,457772,IS452,L10.635L,212
BAP&SCL-Y,4,OK,True,458072,IS452,L10.635L,281
BAP&SCL-Y,5,OK,False,458372,IS452,L10.635L,337
BAP&SCL-Y,0,RP,True,456873,IS453,L10.636M,51
BAP&SCL-Y,1,RP,True,457173,IS453,L10.636M,106
BAP&SCL-Y,2,OK,True,457473,IS453,L10.636M,162
BAP&SCL-Y,3,OK,True,457773,IS453,L10.636M,212
BAP&SCL-Y,4,OK,True,458073,IS453,L10.636M,281
BAP&SCL-Y,5,OK,True,458373,IS453,L10.636M,337
BAP&SCL-Y,0,RP,True,456874,IS454,L10.637N,51
BAP&SCL-Y,1,RP,True,457174,IS454,L10.637N,106
BAP&SCL-Y,2,OK,True,457474,IS454,L10.637N,162
BAP&SCL-Y,3,OK,True,457774,IS454,L10.637N,212
BAP&SCL-Y,4,OK,True,458074,IS454,L10.637N,281
BAP&SCL-Y,5,OK,True,458374,IS454,L10.637N,337
BAP&SCL-Y,0,RP,True,456875,IS455,L10.638P,51
BAP&SCL-Y,1,RP,True,457175,IS455,L10.638P,106
BAP&SCL-Y,2,OK,True,457475,IS455,L10.638P,162
BAP&SCL-Y,3,OK,True,457775,IS455,L10.638P,212
BAP&SCL-Y,4,OK,True,458075,IS455,L10.638P,281
BAP&SCL-Y,5,OK,True,458375,IS455,L10.638P,337
BAP&SCL-Y,0,RP,True,456876,IS456,L10.639R,51
BAP&SCL-Y,1,RP,True,457176,IS456,L10.639R,106
BAP&SCL-Y,2,OK,True,457476,IS456,L10.639R,162
BAP&SCL-Y,3,OK,True,457776,IS456,L10.639R,212
BAP&SCL-Y,4,OK,True,458076,IS456,L10.639R,281
BAP&SCL-Y,5,OK,True,458376,IS456,L10.639R,337
BIC&ITA-W,0,OK,True,456830,IS409,L10.607D,57
BIC&ITA-W,1,OK,True,457130,IS409,L10.607D,98
BIC&ITA-W,2,KO,True,457430,IS409,L10.607D,163
BIC&ITA-W,3,OK,True,457730,IS409,L10.607D,213
BIC&ITA-W,4,OK,True,458030,IS409,L10.607D,276
BIC&ITA-W,5,OK,True,458330,IS409,L10.607D,331
BIC&ITA-W,0,OK,True,456831,IS410,L10.608E,57
BIC&ITA-W,1,OK,True,457131,IS410,L10.608E,98
BIC&ITA-W,2,KO,True,457431,IS410,L10.608E,163
BIC&ITA-W,3,OK,True,457731,IS410,L10.608E,213
BIC&ITA-W,4,OK,True,458031,IS410,L10.608E,276
BIC&ITA-W,5,OK,True,458331,IS410,L10.608E,331
BIC&ITA-W,0,OK,True,456832,IS411,L10.609F,57
BIC&ITA-W,1,OK,True,457132,IS411,L10.609F,98
BIC&ITA-W,2,KO,True,457432,IS411,L10.609F,163
BIC&ITA-W,3,OK,True,457732,IS411,L10.609F,213
BIC&ITA-W,4,OK,True,458032,IS411,L10.609F,276
BIC&ITA-W,5,OK,True,458332,IS411,L10.609F,331
BIC&ITA-W,0,OK,True,456833,IS412,L10.611H,57
BIC&ITA-W,1,OK,True,457133,IS412,L10.611H,98
BIC&ITA-W,2,KO,True,457433,IS412,L10.611H,163
BIC&ITA-W,3,OK,True,457733,IS412,L10.611H,213
BIC&ITA-W,4,OK,True,458033,IS412,L10.611H,276
BIC&ITA-W,5,OK,True,458333,IS412,L10.611H,331
BIC&ITA-W,0,OK,True,456834,IS413,L10.612J,57
BIC&ITA-W,1,OK,True,457134,IS413,L10.612J,98
BIC&ITA-W,2,KO,True,457434,IS413,L10.612J,163
BIC&ITA-W,3,OK,True,457734,IS413,L10.612J,213
BIC&ITA-W,4,OK,True,458034,IS413,L10.612J,276
BIC&ITA-W,5,OK,True,458334,IS413,L10.612J,331
BIC&ITA-Y,0,OK,True,456822,IS401,L10.598S,51
BIC&ITA-Y,1,OK,True,457122,IS401,L10.598S,91
BIC&ITA-Y,2,OK,True,457422,IS401,L10.598S,157
BIC&ITA-Y,3,OK,True,457722,IS401,L10.598S,203
BIC&ITA-Y,4,OK,True,458022,IS401,L10.598S,274
BIC&ITA-Y,5,RP,False,458322,IS401,L10.598S,316
BIC&ITA-Y,0,OK,True,456823,IS402,L10.599T,51
BIC&ITA-Y,1,OK,True,457123,IS402,L10.599T,91
BIC&ITA-Y,2,OK,True,457423,IS402,L10.599T,157
BIC&ITA-Y,3,OK,True,457723,IS402,L10.599T,203
BIC&ITA-Y,4,OK,True,458023,IS402,L10.599T,274
BIC&ITA-Y,5,RP,True,458323,IS402,L10.599T,316
BIC&ITA-Y,0,OK,True,456824,IS403,L10.601V,51
BIC&ITA-Y,1,OK,True,457124,IS403,L10.601V,91
BIC&ITA-Y,2,OK,True,457424,IS403,L10.601V,157
BIC&ITA-Y,3,OK,True,457724,IS403,L10.601V,203
BIC&ITA-Y,4,OK,True,458024,IS403,L10.601V,274
BIC&ITA-Y,5,RP,True,458324,IS403,L10.601V,316
BIC&ITA-Y,0,OK,True,456825,IS404,L10.602W,51
BIC&ITA-Y,1,OK,True,457125,IS404,L10.602W,91
BIC&ITA-Y,2,OK,True,457425,IS404,L10.602W,157
BIC&ITA-Y,3,OK,True,457725,IS404,L10.602W,203
BIC&ITA-Y,4,OK,True,458025,IS404,L10.602W,274
BIC&ITA-Y,5,RP,True,458325,IS404,L10.602W,316
BIC&ITA-Y,0,OK,True,456826,IS405,L10.603X,51
BIC&ITA-Y,1,OK,True,457126,IS405,L10.603X,91
BIC&ITA-Y,2,OK,True,457426,IS405,L10.603X,157
BIC&ITA-Y,3,OK,True,457726,IS405,L10.603X,203
BIC&ITA-Y,4,OK,True,458026,IS405,L10.603X,274
BIC&ITA-Y,5,RP,True,458326,IS405,L10.603X,316
BIC&ITA-Y,0,OK,True,456827,IS406,L10.604Y,51
BIC&ITA-Y,1,OK,True,457127,IS406,L10.604Y,91
BIC&ITA-Y,2,OK,True,457427,IS406,L10.604Y,157
BIC&ITA-Y,3,OK,True,457727,IS406,L10.604Y,203
BIC&ITA-Y,4,OK,True,458027,IS406,L10.604Y,274
BIC&ITA-Y,5,RP,True,458327,IS406,L10.604Y,316
BIC&ITA-Y,0,OK,True,456828,IS407,L10.605A,51
BIC&ITA-Y,1,OK,True,457128,IS407,L10.605A,91
BIC&ITA-Y,2,OK,True,457428,IS407,L10.605A,157
BIC&ITA-Y,3,OK,True,457728,IS407,L10.605A,203
BIC&ITA-Y,4,OK,True,458028,IS407,L10.605A,274
BIC&ITA-Y,5,RP,True,458328,IS407,L10.605A,316
BIC&ITA-Y,0,OK,True,456829,IS408,L10.606C,51
BIC&ITA-Y,1,OK,True,457129,IS408,L10.606C,91
BIC&ITA-Y,2,OK,True,457429,IS408,L10.606C,157
BIC&ITA-Y,3,OK,True,457729,IS408,L10.606C,203
BIC&ITA-Y,4,OK,True,458029,IS408,L10.606C,274
BIC&ITA-Y,5,RP,True,458329,IS408,L10.606C,316
BLN&CRN-E,0,OK,True,456753,IS203,L10.447M,42
BLN&CRN-E,1,OK,False,457053,IS203,L10.447M,94
BLN&CRN-E,2,OK,True,457353,IS203,L10.447M,148
BLN&CRN-E,3,OK,True,457653,IS203,L10.447M,220
BLN&CRN-E,4,OK,True,457953,IS203,L10.447M,266
BLN&CRN-E,5,KO,True,458253,IS203,L10.447M,332
BLN&CRN-E,0,OK,True,456754,IS204,L10.448N,42
BLN&CRN-E,1,OK,True,457054,IS204,L10.448N,94
BLN&CRN-E,2,OK,True,457354,IS204,L10.448N,148
BLN&CRN-E,3,OK,True,457654,IS204,L10.448N,220
BLN&CRN-E,4,OK,True,457954,IS204,L10.448N,266
BLN&CRN-E,5,KO,True,458254,IS204,L10.448N,332
BLN&CRN-E,0,OK,True,456757,IS213,L10.452T,42
BLN&CRN-E,1,OK,True,457057,IS213,L10.452T,94
BLN&CRN-E,2,OK,False,457357,IS213,L10.452T,148
BLN&CRN-E,3,OK,True,457657,IS213,L10.452T,220
BLN&CRN-E,4,OK,True,457957,IS213,L10.452T,266
BLN&CRN-E,5,KO,True,458257,IS213,L10.452T,332
BLN&CRN-E,0,OK,True,456758,IS214,L10.453U,42
BLN&CRN-E,1,OK,True,457058,IS214,L10.453U,94
BLN&CRN-E,2,OK,True,457358,IS214,L10.453U,148
BLN&CRN-E,3,OK,True,457658,IS214,L10.453U,220
BLN&CRN-E,4,OK,True,457958,IS214,L10.453U,266
BLN&CRN-E,5,KO,True,458258,IS214,L10.453U,332
BLN&CRN-E,0,OK,True,456771,IS237A,L10.467L,42
BLN&CRN-E,1,OK,False,457071,IS237A,L10.467L,94
BLN&CRN-E,2,OK,True,457371,IS237A,L10.467L,148
BLN&CRN-E,3,OK,True,457671,IS237A,L10.467L,220
BLN&CRN-E,4,OK,True,457971,IS237A,L10.467L,266
BLN&CRN-E,5,KO,True,458271,IS237A,L10.467L,332
BLN&CRN-E,0,OK,True,456772,IS234,L10.468M,42
BLN&CRN-E,1,OK,True,457072,IS234,L10.468M,94
BLN&CRN-E,2,OK,True,457372,IS234,L10.468M,148
BLN&CRN-E,3,OK,True,457672,IS234,L10.468M,220
BLN&CRN-E,4,OK,True,457972,IS234,L10.468M,266
BLN&CRN-E,5,KO,True,458272,IS234,L10.468M,332
BLN&CRN-E,0,OK,True,456773,IS235,L10.469N,42
BLN&CRN-E,1,OK,True,457073,IS235,L10.469N,94
BLN&CRN-E,2,OK,True,457373,IS235,L10.469N,148
BLN&CRN-E,3,OK,True,457673,IS235,L10.469N,220
BLN&CRN-E,4,OK,True,457973,IS235,L10.469N,266
BLN&CRN-E,5,KO,True,458273,IS235,L10.469N,332
BLN&CRN-E,0,OK,True,456774,IS236,L10.471R,42
BLN&CRN-E,1,OK,True,457074,IS236,L10.471R,94
BLN&CRN-E,2,OK,True,457374,IS236,L10.471R,148
BLN&CRN-E,3,OK,True,457674,IS236,L10.471R,220
BLN&CRN-E,4,OK,True,457974,IS236,L10.471R,266
BLN&CRN-E,5,KO,True,458274,IS236,L10.471R,332
BLN&CRN-E,0,OK,True,456775,IS237,L10.472S,42
BLN&CRN-E,1,OK,True,457075,IS237,L10.472S,94
BLN&CRN-E,2,OK,True,457375,IS237,L10.472S,148
BLN&CRN-E,3,OK,True,457675,IS237,L10.472S,220
BLN&CRN-E,4,OK,True,457975,IS237,L10.472S,266
BLN&CRN-E,5,KO,True,458275,IS237,L10.472S,332
BLN&CRN-E,0,OK,True,456776,IS238,L10.473T,42
BLN&CRN-E,1,OK,True,457076,IS238,L10.473T,94
BLN&CRN-E,2,OK,True,457376,IS238,L10.473T,148
BLN&CRN-E,3,OK,True,457676,IS238,L10.473T,220
BLN&CRN-E,4,OK,True,457976,IS238,L10.473T,266
BLN&CRN-E,5,KO,True,458276,IS238,L10.473T,332
BLN&CRN-E,0,OK,True,456777,IS239,L10.474U,42
BLN&CRN-E,1,OK,True,457077,IS239,L10.474U,94
BLN&CRN-E,2,OK,True,457377,IS239,L10.474U,148
BLN&CRN-E,3,OK,True,457677,IS239,L10.474U,220
BLN&CRN-E,4,OK,False,457977,IS239,L10.474U,266
BLN&CRN-E,5,KO,True,458277,IS239,L10.474U,332
BLN&CRN-E,0,OK,True,456778,IS240,L10.475V,42
BLN&CRN-E,1,OK,True,457078,IS240,L10.475V,94
BLN&CRN-E,2,OK,True,457378,IS240,L10.475V,148
BLN&CRN-E,3,OK,True,457678,IS240,L10.475V,220
BLN&CRN-E,4,OK,True,457978,IS240,L10.475V,266
BLN&CRN-E,5,KO,True,458278,IS240,L10.475V,332
BLN&CRN-E,0,OK,True,456779,IS241,L10.476W,42
BLN&CRN-E,1,OK,True,457079,IS241,L10.476W,94
BLN&CRN-E,2,OK,True,457379,IS241,L10.476W,148
BLN&CRN-E,3,OK,True,457679,IS241,L10.476W,220
BLN&CRN-E,4,OK,True,457979,IS241,L10.476W,266
BLN&CRN-E,5,KO,True,458279,IS241,L10.476W,332
BLN&CRN-E,0,OK,True,456780,IS238A,L10.477X,42
BLN&CRN-E,1,OK,False,457080,IS238A,L10.477X,94
BLN&CRN-E,2,OK,True,457380,IS238A,L10.477X,148
BLN&CRN-E,3,OK,True,457680,IS238A,L10.477X,220
BLN&CRN-E,4,OK,True,457980,IS238A,L10.477X,266
BLN&CRN-E,5,KO,True,458280,IS238A,L10.477X,332
BLN&CRN-E,0,OK,False,456781,IS243,L10.478Y,42
BLN&CRN-E,1,OK,True,457081,IS243,L10.478Y,94
BLN&CRN-E,2,OK,True,457381,IS243,L10.478Y,148
BLN&CRN-E,3,OK,False,457681,IS243,L10.478Y,220
BLN&CRN-E,4,OK,True,457981,IS243,L10.478Y,266
BLN&CRN-E,5,KO,True,458281,IS243,L10.478Y,332
BLN&CRN-E,0,OK,True,456783,IS245,L10.481D,42
BLN&CRN-E,1,OK,True,457083,IS245,L10.481D,94
BLN&CRN-E,2,OK,True,457383,IS245,L10.481D,148
BLN&CRN-E,3,OK,True,457683,IS245,L10.481D,220
BLN&CRN-E,4,OK,True,457983,IS245,L10.481D,266
BLN&CRN-E,5,KO,True,458283,IS245,L10.481D,332
BLN&CRN-I,0,OK,True,456751,IS201,L10.445K,59
BLN&CRN-I,1,RP,True,457051,IS201,L10.445K,114
BLN&CRN-I,2,OK,True,457351,IS201,L10.445K,171
BLN&CRN-I,3,OK,True,457651,IS201,L10.445K,219
BLN&CRN-I,4,OK,True,457951,IS201,L10.445K,280
BLN&CRN-I,5,OK,True,458251,IS201,L10.445K,316
BLN&CRN-I,0,OK,True,456752,IS202,L10.446L,59
BLN&CRN-I,1,RP,True,457052,IS202,L10.446L,114
BLN&CRN-I,2,OK,True,457352,IS202,L10.446L,171
BLN&CRN-I,3,OK,True,457652,IS202,L10.446L,219
BLN&CRN-I,4,OK,True,457952,IS202,L10.446L,280
BLN&CRN-I,5,OK,True,458252,IS202,L10.446L,316
BLN&CRN-I,0,OK,True,456755,IS211,L10.449P,59
BLN&CRN-I,1,RP,True,457055,IS211,L10.449P,114
BLN&CRN-I,2,OK,True,457355,IS211,L10.449P,171
BLN&CRN-I,3,OK,False,457655,IS211,L10.449P,219
BLN&CRN-I,4,OK,True,457955,IS211,L10.449P,280
BLN&CRN-I,5,OK,False,458255,IS211,L10.449P,316
BLN&CRN-I,0,OK,True,456756,IS212,L10.451S,59
BLN&CRN-I,1,RP,True,457056,IS212,L10.451S,114
BLN&CRN-I,2,OK,True,457356,IS212,L10.451S,171
BLN&CRN-I,3,OK,True,457656,IS212,L10.451S,219
BLN&CRN-I,4,OK,True,457956,IS212,L10.451S,280
BLN&CRN-I,5,OK,True,458256,IS212,L10.451S,316
BLN&CRN-I,0,OK,True,456759,IS221,L10.454V,59
BLN&CRN-I,1,RP,True,457059,IS221,L10.454V,114
BLN&CRN-I,2,OK,True,457359,IS221,L10.454V,171
BLN&CRN-I,3,OK,True,457659,IS221,L10.454V,219
BLN&CRN-I,4,OK,True,457959,IS221,L10.454V,280
BLN&CRN-I,5,OK,True,458259,IS221,L10.454V,316
BLN&CRN-I,0,OK,True,456760,IS222,L10.455W,59
BLN&CRN-I,1,RP,True,457060,IS222,L10.455W,114
BLN&CRN-I,2,OK,True,457360,IS222,L10.455W,171
BLN&CRN-I,3,OK,True,457660,IS222,L10.455W,219
BLN&CRN-I,4,OK,True,457960,IS222,L10.455W,280
BLN&CRN-I,5,OK,True,458260,IS222,L10.455W,316
BLN&CRN-I,0,OK,True,456761,IS223,L10.456X,59
BLN&CRN-I,1,RP,True,457061,IS223,L10.456X,114
BLN&CRN-I,2,OK,True,457361,IS223,L10.456X,171
BLN&CRN-I,3,OK,True,457661,IS223,L10.456X,219
BLN&CRN-I,4,OK,False,457961,IS223,L10.456X,280
BLN&CRN-I,5,OK,True,458261,IS223,L10.456X,316
BLN&CRN-I,0,OK,True,456762,IS224,L10.457Y,59
BLN&CRN-I,1,RP,True,457062,IS224,L10.457Y,114
BLN&CRN-I,2,OK,True,457362,IS224,L10.457Y,171
BLN&CRN-I,3,OK,True,457662,IS224,L10.457Y,219
BLN&CRN-I,4,OK,True,457962,IS224,L10.457Y,280
BLN&CRN-I,5,OK,True,458262,IS224,L10.457Y,316
BLN&CRN-I,0,OK,True,456763,IS225,L10.458A,59
BLN&CRN-I,1,RP,True,457063,IS225,L10.458A,114
BLN&CRN-I,2,OK,True,457363,IS225,L10.458A,171
BLN&CRN-I,3,OK,True,457663,IS225,L10.458A,219
BLN&CRN-I,4,OK,True,457963,IS225,L10.458A,280
BLN&CRN-I,5,OK,True,458263,IS225,L10.458A,316
BLN&CRN-I,0,OK,True,456764,IS226,L10.459C,59
BLN&CRN-I,1,RP,True,457064,IS226,L10.459C,114
BLN&CRN-I,2,OK,True,457364,IS226,L10.459C,171
BLN&CRN-I,3,OK,True,457664,IS226,L10.459C,219
BLN&CRN-I,4,OK,False,457964,IS226,L10.459C,280
BLN&CRN-I,5,OK,True,458264,IS226,L10.459C,316
BLN&CRN-I,0,OK,False,456765,IS227,L10.461E,59
BLN&CRN-I,1,RP,False,457065,IS227,L10.461E,114
BLN&CRN-I,2,OK,True,457365,IS227,L10.461E,171
BLN&CRN-I,3,OK,True,457665,IS227,L10.461E,219
BLN&CRN-I,4,OK,True,457965,IS227,L10.461E,280
BLN&CRN-I,5,OK,True,458265,IS227,L10.461E,316
BLN&CRN-I,0,OK,True,456766,IS228,L10.462F,59
BLN&CRN-I,1,RP,True,457066,IS228,L10.462F,114
BLN&CRN-I,2,OK,True,457366,IS228,L10.462F,171
BLN&CRN-I,3,OK,True,457666,IS228,L10.462F,219
BLN&CRN-I,4,OK,True,457966,IS228,L10.462F,280
BLN&CRN-I,5,OK,True,458266,IS228,L10.462F,316
BLN&CRN-I,0,OK,False,456767,IS229,L10.463G,59
BLN&CRN-I,1,RP,True,457067,IS229,L10.463G,114
BLN&CRN-I,2,OK,True,457367,IS229,L10.463G,171
BLN&CRN-I,3,OK,True,457667,IS229,L10.463G,219
BLN&CRN-I,4,OK,True,457967,IS229,L10.463G,280
BLN&CRN-I,5,OK,True,458267,IS229,L10.463G,316
BLN&CRN-I,0,OK,True,456768,IS230,L10.464H,59
BLN&CRN-I,1,RP,True,457068,IS230,L10.464H,114
BLN&CRN-I,2,OK,True,457368,IS230,L10.464H,171
BLN&CRN-I,3,OK,True,457668,IS230,L10.464H,219
BLN&CRN-I,4,OK,True,457968,IS230,L10.464H,280
BLN&CRN-I,5,OK,True,458268,IS230,L10.464H,316
BLN&CRN-I,0,OK,True,456769,IS228A,L10.465J,59
BLN&CRN-I,1,RP,True,457069,IS228A,L10.465J,114
BLN&CRN-I,2,OK,True,457369,IS228A,L10.465J,171
BLN&CRN-I,3,OK,True,457669,IS228A,L10.465J,219
BLN&CRN-I,4,OK,True,457969,IS228A,L10.465J,280
BLN&CRN-I,5,OK,True,458269,IS228A,L10.465J,316
BLN&CRN-I,0,OK,True,456770,IS232,L10.466K,59
BLN&CRN-I,1,RP,True,457070,IS232,L10.466K,114
BLN&CRN-I,2,OK,True,457370,IS232,L10.466K,171
BLN&CRN-I,3,OK,True,457670,IS232,L10.466K,219
BLN&CRN-I,4,OK,True,457970,IS232,L10.466K,280
BLN&CRN-I,5,OK,True,458270,IS232,L10.466K,316
BLN&CRN-I,0,OK,True,456782,IS224A,L10.479A,59
BLN&CRN-I,1,RP,True,457082,IS224A,L10.479A,114
BLN&CRN-I,2,OK,True,457382,IS224A,L10.479A,171
BLN&CRN-I,3,OK,True,457682,IS224A,L10.479A,219
BLN&CRN-I,4,OK,True,457982,IS224A,L10.479A,280
BLN&CRN-I,5,OK,True,458282,IS224A,L10.479A,316
BOI-W,0,OK,True,456747,IS525,L11.589V,36
BOI-W,1,RP,True,457047,IS525,L11.589V,100
BOI-W,2,OK,True,457347,IS525,L11.589V,154
BOI-W,3,KO,True,457647,IS525,L11.589V,218
BOI-W,4,OK,True,457947,IS525,L11.589V,262
BOI-W,5,OK,True,458247,IS525,L11.589V,317
BOI-W,0,OK,True,456748,IS526,L11.591X,36
BOI-W,1,RP,True,457048,IS526,L11.591X,100
BOI-W,2,OK,True,457348,IS526,L11.591X,154
BOI-W,3,KO,True,457648,IS526,L11.591X,218
BOI-W,4,OK,True,457948,IS526,L11.591X,262
BOI-W,5,OK,True,458248,IS526,L11.591X,317
BOI-W,0,OK,True,456749,IS527,L11.592Y,36
BOI-W,1,RP,True,457049,IS527,L11.592Y,100
BOI-W,2,OK,True,457349,IS527,L11.592Y,154
BOI-W,3,KO,True,457649,IS527,L11.592Y,218
BOI-W,4,OK,True,457949,IS527,L11.592Y,262
BOI-W,5,OK,False,458249,IS527,L11.592Y,317
BOI-W,0,OK,True,456750,IS528,L11.593A,36
BOI-W,1,RP,False,457050,IS528,L11.593A,100
BOI-W,2,OK,True,457350,IS528,L11.593A,154
BOI-W,3,KO,True,457650,IS528,L11.593A,218
BOI-W,4,OK,True,457950,IS528,L11.593A,262
BOI-W,5,OK,True,458250,IS528,L11.593A,317
BOI-Y,0,OK,True,456743,IS521,L11.585R,42
BOI-Y,1,OK,True,457043,IS521,L11.585R,105
BOI-Y,2,OK,True,457343,IS521,L11.585R,147
BOI-Y,3,RP,True,457643,IS521,L11.585R,224
BOI-Y,4,OK,True,457943,IS521,L11.585R,266
BOI-Y,5,RP,True,458243,IS521,L11.585R,318
BOI-Y,0,OK,True,456744,IS522,L11.586S,42
BOI-Y,1,OK,True,457044,IS522,L11.586S,105
BOI-Y,2,OK,True,457344,IS522,L11.586S,147
BOI-Y,3,RP,True,457644,IS522,L11.586S,224
BOI-Y,4,OK,True,457944,IS522,L11.586S,266
BOI-Y,5,RP,True,458244,IS522,L11.586S,318
BOI-Y,0,OK,True,456745,IS523,L11.587T,42
BOI-Y,1,OK,True,457045,IS523,L11.587T,105
BOI-Y,2,OK,True,457345,IS523,L11.587T,147
BOI-Y,3,RP,False,457645,IS523,L11.587T,224
BOI-Y,4,OK,True,457945,IS523,L11.587T,266
BOI-Y,5,RP,True,458245,IS523,L11.587T,318
BOI-Y,0,OK,False,456746,IS524,L11.588U,42
BOI-Y,1,OK,True,457046,IS524,L11.588U,105
BOI-Y,2,OK,True,457346,IS524,L11.588U,147
BOI-Y,3,RP,True,457646,IS524,L11.588U,224
BOI-Y,4,OK,True,457946,IS524,L11.588U,266
BOI-Y,5,RP,True,458246,IS524,L11.588U,318
CHA-W,0,OK,True,456737,IS388,L10.592K,43
CHA-W,1,KO,True,457037,IS388,L10.592K,100
CHA-W,2,OK,True,457337,IS388,L10.592K,148
CHA-W,3,OK,True,457637,IS388,L10.592K,211
CHA-W,4,OK,True,457937,IS388,L10.592K,268
CHA-W,5,OK,True,458237,IS388,L10.592K,330
CHA-W,0,OK,True,456738,IS389,L10.593L,43
CHA-W,1,KO,True,457038,IS389,L10.593L,100
CHA-W,2,OK,True,457338,IS389,L10.593L,148
CHA-W,3,OK,True,457638,IS389,L10.593L,211
CHA-W,4,OK,True,457938,IS389,L10.593L,268
CHA-W,5,OK,True,458238,IS389,L10.593L,330
CHA-W,0,OK,True,456739,IS390,L10.594M,43
CHA-W,1,KO,True,457039,IS390,L10.594M,100
CHA-W,2,OK,True,457339,IS390,L10.594M,148
CHA-W,3,OK,True,457639,IS390,L10.594M,211
CHA-W,4,OK,True,457939,IS390,L10.594M,268
CHA-W,5,OK,True,458239,IS390,L10.594M,330
CHA-W,0,OK,True,456740,IS391,L10.595N,43
CHA-W,1,KO,True,457040,IS391,L10.595N,100
CHA-W,2,OK,True,457340,IS391,L10.595N,148
CHA-W,3,OK,True,457640,IS391,L10.595N,211
CHA-W,4,OK,True,457940,IS391,L10.595N,268
CHA-W,5,OK,False,458240,IS391,L10.595N,330
CHA-W,0,OK,True,456741,IS392,L10.596P,43
CHA-W,1,KO,True,457041,IS392,L10.596P,100
CHA-W,2,OK,True,457341,IS392,L10.596P,148
CHA-W,3,OK,True,457641,IS392,L10.596P,211
CHA-W,4,OK,False,457941,IS392,L10.596P,268
CHA-W,5,OK,True,458241,IS392,L10.596P,330
CHA-W,0,OK,True,456742,IS393,L10.597R,43
CHA-W,1,KO,True,457042,IS393,L10.597R,100
CHA-W,2,OK,True,457342,IS393,L10.597R,148
CHA-W,3,OK,True,457642,IS393,L10.597R,211
CHA-W,4,OK,True,457942,IS393,L10.597R,268
CHA-W,5,OK,True,458242,IS393,L10.597R,330
CHA-Y,0,OK,True,456730,IS381,L10.584A,59
CHA-Y,1,OK,True,457030,IS381,L10.584A,108
CHA-Y,2,OK,True,457330,IS381,L10.584A,170
CHA-Y,3,RP,True,457630,IS381,L10.584A,217
CHA-Y,4,OK,True,457930,IS381,L10.584A,260
CHA-Y,5,KO,True,458230,IS381,L10.584A,339
CHA-Y,0,OK,True,456731,IS382,L10.585C,59
CHA-Y,1,OK,True,457031,IS382,L10.585C,108
CHA-Y,2,OK,True,457331,IS382,L10.585C,170
CHA-Y,3,RP,True,457631,IS382,L10.585C,217
CHA-Y,4,OK,True,457931,IS382,L10.585C,260
CHA-Y,5,KO,True,458231,IS382,L10.585C,339
CHA-Y,0,OK,True,456732,IS383,L10.586D,59
CHA-Y,1,OK,True,457032,IS383,L10.586D,108
CHA-Y,2,OK,True,457332,IS383,L10.586D,170
CHA-Y,3,RP,True,457632,IS383,L10.586D,217
CHA-Y,4,OK,True,457932,IS383,L10.586D,260
CHA-Y,5,KO,True,458232,IS383,L10.586D,339
CHA-Y,0,OK,True,456733,IS384,L10.587E,59
CHA-Y,1,OK,False,457033,IS384,L10.587E,108
CHA-Y,2,OK,True,457333,IS384,L10.587E,170
CHA-Y,3,RP,True,457633,IS384,L10.587E,217
CHA-Y,4,OK,True,457933,IS384,L10.587E,260
CHA-Y,5,KO,True,458233,IS384,L10.587E,339
CHA-Y,0,OK,True,456734,IS385,L10.588F,59
CHA-Y,1,OK,True,457034,IS385,L10.588F,108
CHA-Y,2,OK,True,457334,IS385,L10.588F,170
CHA-Y,3,RP,True,457634,IS385,L10.588F,217
CHA-Y,4,OK,True,457934,IS385,L10.588F,260
CHA-Y,5,KO,True,458234,IS385,L10.588F,339
CHA-Y,0,OK,True,456735,IS386,L10.589G,59
CHA-Y,1,OK,True,457035,IS386,L10.589G,108
CHA-Y,2,OK,True,457335,IS386,L10.589G,170
CHA-Y,3,RP,True,457635,IS386,L10.589G,217
CHA-Y,4,OK,True,457935,IS386,L10.589G,260
CHA-Y,5,KO,True,458235,IS386,L10.589G,339
CHA-Y,0,OK,True,456736,IS387,L10.591J,59
CHA-Y,1,OK,True,457036,IS387,L10.591J,108
CHA-Y,2,OK,True,457336,IS387,L10.591J,170
CHA-Y,3,RP,True,457636,IS387,L10.591J,217
CHA-Y,4,OK,True,457936,IS387,L10.591J,260
CHA-Y,5,KO,True,458236,IS387,L10.591J,339
CHE,0,OK,True,456883,IS492,L10.666X,51
CHE,1,OK,True,457183,IS492,L10.666X,113
CHE,2,RP,True,457483,IS492,L10.666X,164
CHE,3,OK,True,457783,IS492,L10.666X,224
CHE,4,OK,True,458083,IS492,L10.666X,267
CHE,5,OK,False,458383,IS492,L10.666X,331
CHE,0,OK,True,456884,IS493,L10.667Y,51
CHE,1,OK,True,457184,IS493,L10.667Y,113
CHE,2,RP,False,457484,IS493,L10.667Y,164
CHE,3,OK,True,457784,IS493,L10.667Y,224
CHE,4,OK,True,458084,IS493,L10.667Y,267
CHE,5,OK,True,458384,IS493,L10.667Y,331
FLF-W,0,OK,True,456854,IS423,L10.615M,35
FLF-W,1,OK,True,457154,IS423,L10.615M,94
FLF-W,2,OK,True,457454,IS423,L10.615M,162
FLF-W,3,OK,True,457754,IS423,L10.615M,217
FLF-W,4,KO,True,458054,IS423,L10.615M,280
FLF-W,5,OK,True,458354,IS423,L10.615M,331
FLF-W,0,OK,True,456855,IS424,L10.616N,35
FLF-W,1,OK,True,457155,IS424,L10.616N,94
FLF-W,2,OK,True,457455,IS424,L10.616N,162
FLF-W,3,OK,True,457755,IS424,L10.616N,217
FLF-W,4,KO,True,458055,IS424,L10.616N,280
FLF-W,5,OK,True,458355,IS424,L10.616N,331
FLF-W,0,OK,True,456888,IS423A,L11.918M,35
FLF-W,1,OK,True,457188,IS423A,L11.918M,94
FLF-W,2,OK,True,457488,IS423A,L11.918M,162
FLF-W,3,OK,False,457788,IS423A,L11.918M,217
FLF-W,4,KO,True,458088,IS423A,L11.918M,280
FLF-W,5,OK,True,458388,IS423A,L11.918M,331
FLF-W,0,OK,True,456889,IS423B,L11.919N,35
FLF-W,1,OK,True,457189,IS423B,L11.919N,94
FLF-W,2,OK,True,457489,IS423B,L11.919N,162
FLF-W,3,OK,True,457789,IS423B,L11.919N,217
FLF-W,4,KO,True,458089,IS423B,L11.919N,280
FLF-W,5,OK,True,458389,IS423B,L11.919N,331
FLF-Y,0,OK,True,456852,IS421,L10.613K,51
FLF-Y,1,OK,True,457152,IS421,L10.613K,101
FLF-Y,2,OK,True,457452,IS421,L10.613K,161
FLF-Y,3,KO,True,457752,IS421,L10.613K,226
FLF-Y,4,OK,True,458052,IS421,L10.613K,281
FLF-Y,5,OK,True,458352,IS421,L10.613K,329
FLF-Y,0,OK,True,456853,IS422,L10.614L,51
FLF-Y,1,OK,True,457153,IS422,L10.614L,101
FLF-Y,2,OK,True,457453,IS422,L10.614L,161
FLF-Y,3,KO,True,457753,IS422,L10.614L,226
FLF-Y,4,OK,True,458053,IS422,L10.614L,281
FLF-Y,5,OK,True,458353,IS422,L10.614L,329
FLF-Y,0,OK,True,456886,IS421A,L11.916K,51
FLF-Y,1,OK,True,457186,IS421A,L11.916K,101
FLF-Y,2,OK,True,457486,IS421A,L11.916K,161
FLF-Y,3,KO,True,457786,IS421A,L11.916K,226
FLF-Y,4,OK,True,458086,IS421A,L11.916K,281
FLF-Y,5,OK,True,458386,IS421A,L11.916K,329
FLF-Y,0,OK,True,456887,IS421B,L11.917L,51
FLF-Y,1,OK,True,457187,IS421B,L11.917L,101
FLF-Y,2,OK,True,457487,IS421B,L11.917L,161
FLF-Y,3,KO,True,457787,IS421B,L11.917L,226
FLF-Y,4,OK,True,458087,IS421B,L11.917L,281
FLF-Y,5,OK,False,458387,IS421B,L11.917L,329
FRE&ANT-E,0,OK,False,456811,IS302,L10.533P,58
FRE&ANT-E,1,OK,True,457111,IS302,L10.533P,99
FRE&ANT-E,2,OK,True,457411,IS302,L10.533P,169
FRE&ANT-E,3,OK,True,457711,IS302,L10.533P,218
FRE&ANT-E,4,OK,True,458011,IS302,L10.533P,276
FRE&ANT-E,5,RP,True,458311,IS302,L10.533P,330
FRE&ANT-E,0,OK,True,456817,IS316,L10.539W,58
FRE&ANT-E,1,OK,True,457117,IS316,L10.539W,99
FRE&ANT-E,2,OK,True,457417,IS316,L10.539W,169
FRE&ANT-E,3,OK,True,457717,IS316,L10.539W,218
FRE&ANT-E,4,OK,True,458017,IS316,L10.539W,276
FRE&ANT-E,5,RP,True,458317,IS316,L10.539W,330
FRE&ANT-E,0,OK,True,456818,IS317,L10.541Y,58
FRE&ANT-E,1,OK,True,457118,IS317,L10.541Y,99
FRE&ANT-E,2,OK,True,457418,IS317,L10.541Y,169
FRE&ANT-E,3,OK,True,457718,IS317,L10.541Y,218
FRE&ANT-E,4,OK,True,458018,IS317,L10.541Y,276
FRE&ANT-E,5,RP,True,458318,IS317,L10.541Y,330
FRE&ANT-E,0,OK,True,456819,IS318,L10.542A,58
FRE&ANT-E,1,OK,True,457119,IS318,L10.542A,99
FRE&ANT-E,2,OK,True,457419,IS318,L10.542A,169
FRE&ANT-E,3,OK,True,457719,IS318,L10.542A,218
FRE&ANT-E,4,OK,True,458019,IS318,L10.542A,276
FRE&ANT-E,5,RP,True,458319,IS318,L10.542A,330
FRE&ANT-E,0,OK,True,456820,IS319,L10.543C,58
FRE&ANT-E,1,OK,True,457120,IS319,L10.543C,99
FRE&ANT-E,2,OK,True,457420,IS319,L10.543C,169
FRE&ANT-E,3,OK,True,457720,IS319,L10.543C,218
FRE&ANT-E,4,OK,True,458020,IS319,L10.543C,276
FRE&ANT-E,5,RP,True,458320,IS319,L10.543C,330
FRE&ANT-E,0,OK,True,456821,IS320,L10.544D,58
FRE&ANT-E,1,OK,True,457121,IS320,L10.544D,99
FRE&ANT-E,2,OK,True,457421,IS320,L10.544D,169
FRE&ANT-E,3,OK,True,457721,IS320,L10.544D,218
FRE&ANT-E,4,OK,True,458021,IS320,L10.544D,276
FRE&ANT-E,5,RP,True,458321,IS320,L10.544D,330
FRE&ANT-I,0,OK,True,456810,IS301,L10.532N,59
FRE&ANT-I,1,OK,True,457110,IS301,L10.532N,115
FRE&ANT-I,2,OK,True,457410,IS301,L10.532N,149
FRE&ANT-I,3,OK,True,457710,IS301,L10.532N,206
FRE&ANT-I,4,OK,True,458010,IS301,L10.532N,266
FRE&ANT-I,5,OK,False,458310,IS301,L10.532N,337
FRE&ANT-I,0,OK,True,456812,IS311,L10.534R,59
FRE&ANT-I,1,OK,True,457112,IS311,L10.534R,115
FRE&ANT-I,2,OK,True,457412,IS311,L10.534R,149
FRE&ANT-I,3,OK,True,457712,IS311,L10.534R,206
FRE&ANT-I,4,OK,True,458012,IS311,L10.534R,266
FRE&ANT-I,5,OK,True,458312,IS311,L10.534R,337
FRE&ANT-I,0,OK,True,456813,IS312,L10.535S,59
FRE&ANT-I,1,OK,True,457113,IS312,L10.535S,115
FRE&ANT-I,2,OK,True,457413,IS312,L10.535S,149
FRE&ANT-I,3,OK,True,457713,IS312,L10.535S,206
FRE&ANT-I,4,OK,True,458013,IS312,L10.535S,266
FRE&ANT-I,5,OK,True,458313,IS312,L10.535S,337
FRE&ANT-I,0,OK,True,456814,IS313,L10.536T,59
FRE&ANT-I,1,OK,True,457114,IS313,L10.536T,115
FRE&ANT-I,2,OK,True,457414,IS313,L10.536T,149
FRE&ANT-I,3,OK,True,457714,IS313,L10.536T,206
FRE&ANT-I,4,OK,True,458014,IS313,L10.536T,266
FRE&ANT-I,5,OK,True,458314,IS313,L10.536T,337
FRE&ANT-I,0,OK,True,456815,IS314,L10.537U,59
FRE&ANT-I,1,OK,True,457115,IS314,L10.537U,115
FRE&ANT-I,2,OK,False,457415,IS314,L10.537U,149
FRE&ANT-I,3,OK,True,457715,IS314,L10.537U,206
FRE&ANT-I,4,OK,True,458015,IS314,L10.537U,266
FRE&ANT-I,5,OK,True,458315,IS314,L10.537U,337
FRE&ANT-I,0,OK,True,456816,IS315,L10.538V,59
FRE&ANT-I,1,OK,True,457116,IS315,L10.538V,115
FRE&ANT-I,2,OK,True,457416,IS315,L10.538V,149
FRE&ANT-I,3,OK,True,457716,IS315,L10.538V,206
FRE&ANT-I,4,OK,True,458016,IS315,L10.538V,266
FRE&ANT-I,5,OK,True,458316,IS315,L10.538V,337
GMO&MOU-E,0,OK,True,456709,IS276,L10.508K,58
GMO&MOU-E,1,OK,True,457009,IS276,L10.508K,114
GMO&MOU-E,2,OK,True,457309,IS276,L10.508K,168
GMO&MOU-E,3,KO,True,457609,IS276,L10.508K,213
GMO&MOU-E,4,RP,True,457909,IS276,L10.508K,275
GMO&MOU-E,5,OK,True,458209,IS276,L10.508K,325
GMO&MOU-E,0,OK,True,456710,IS277,L10.509L,58
GMO&MOU-E,1,OK,True,457010,IS277,L10.509L,114
GMO&MOU-E,2,OK,True,457310,IS277,L10.509L,168
GMO&MOU-E,3,KO,True,457610,IS277,L10.509L,213
GMO&MOU-E,4,RP,True,457910,IS277,L10.509L,275
GMO&MOU-E,5,OK,True,458210,IS277,L10.509L,325
GMO&MOU-E,0,OK,True,456711,IS278,L10.511N,58
GMO&MOU-E,1,OK,True,457011,IS278,L10.511N,114
GMO&MOU-E,2,OK,True,457311,IS278,L10.511N,168
GMO&MOU-E,3,KO,True,457611,IS278,L10.511N,213
GMO&MOU-E,4,RP,True,457911,IS278,L10.511N,275
GMO&MOU-E,5,OK,True,458211,IS278,L10.511N,325
GMO&MOU-E,0,OK,True,456712,IS279,L10.512P,58
GMO&MOU-E,1,OK,True,457012,IS279,L10.512P,114
GMO&MOU-E,2,OK,True,457312,IS279,L10.512P,168
GMO&MOU-E,3,KO,True,457612,IS279,L10.512P,213
GMO&MOU-E,4,RP,True,457912,IS279,L10.512P,275
GMO&MOU-E,5,OK,True,458212,IS279,L10.512P,325
GMO&MOU-E,0,OK,False,456713,IS280,L10.513R,58
GMO&MOU-E,1,OK,True,457013,IS280,L10.513R,114
GMO&MOU-E,2,OK,True,457313,IS280,L10.513R,168
GMO&MOU-E,3,KO,True,457613,IS280,L10.513R,213
GMO&MOU-E,4,RP,True,457913,IS280,L10.513R,275
GMO&MOU-E,5,OK,True,458213,IS280,L10.513R,325
GMO&MOU-E,0,OK,True,456720,IS287,L10.521A,58
GMO&MOU-E,1,OK,False,457020,IS287,L10.521A,114
GMO&MOU-E,2,OK,True,457320,IS287,L10.521A,168
GMO&MOU-E,3,KO,True,457620,IS287,L10.521A,213
GMO&MOU-E,4,RP,False,457920,IS287,L10.521A,275
GMO&MOU-E,5,OK,True,458220,IS287,L10.521A,325
GMO&MOU-E,0,OK,True,456721,IS288,L10.522C,58
GMO&MOU-E,1,OK,True,457021,IS288,L10.522C,114
GMO&MOU-E,2,OK,True,457321,IS288,L10.522C,168
GMO&MOU-E,3,KO,True,457621,IS288,L10.522C,213
GMO&MOU-E,4,RP,True,457921,IS288,L10.522C,275
GMO&MOU-E,5,OK,True,458221,IS288,L10.522C,325
GMO&MOU-E,0,OK,True,456722,IS289,L10.523D,58
GMO&MOU-E,1,OK,True,457022,IS289,L10.523D,114
GMO&MOU-E,2,OK,True,457322,IS289,L10.523D,168
GMO&MOU-E,3,KO,True,457622,IS289,L10.523D,213
GMO&MOU-E,4,RP,True,457922,IS289,L10.523D,275
GMO&MOU-E,5,OK,True,458222,IS289,L10.523D,325
GMO&MOU-E,0,OK,True,456723,IS290,L10.524E,58
GMO&MOU-E,1,OK,True,457023,IS290,L10.524E,114
GMO&MOU-E,2,OK,True,457323,IS290,L10.524E,168
GMO&MOU-E,3,KO,True,457623,IS290,L10.524E,213
GMO&MOU-E,4,RP,True,457923,IS290,L10.524E,275
GMO&MOU-E,5,OK,True,458223,IS290,L10.524E,325
GMO&MOU-E,0,OK,True,456724,IS291,L10.525F,58
GMO&MOU-E,1,OK,True,457024,IS291,L10.525F,114
GMO&MOU-E,2,OK,True,457324,IS291,L10.525F,168
GMO&MOU-E,3,KO,True,457624,IS291,L10.525F,213
GMO&MOU-E,4,RP,True,457924,IS291,L10.525F,275
GMO&MOU-E,5,OK,True,458224,IS291,L10.525F,325
GMO&MOU-E,0,OK,True,456725,IS292,L10.526G,58
GMO&MOU-E,1,OK,True,457025,IS292,L10.526G,114
GMO&MOU-E,2,OK,True,457325,IS292,L10.526G,168
GMO&MOU-E,3,KO,True,457625,IS292,L10.526G,213
GMO&MOU-E,4,RP,True,457925,IS292,L10.526G,275
GMO&MOU-E,5,OK,True,458225,IS292,L10.526G,325
GMO&MOU-E,0,OK,True,456726,IS293,L10.527H,58
GMO&MOU-E,1,OK,True,457026,IS293,L10.527H,114
GMO&MOU-E,2,OK,True,457326,IS293,L10.527H,168
GMO&MOU-E,3,KO,True,457626,IS293,L10.527H,213
GMO&MOU-E,4,RP,True,457926,IS293,L10.527H,275
GMO&MOU-E,5,OK,True,458226,IS293,L10.527H,325
GMO&MOU-E,0,OK,True,456727,IS294,L10.528J,58
GMO&MOU-E,1,OK,True,457027,IS294,L10.528J,114
GMO&MOU-E,2,OK,True,457327,IS294,L10.528J,168
GMO&MOU-E,3,KO,False,457627,IS294,L10.528J,213
GMO&MOU-E,4,RP,True,457927,IS294,L10.528J,275
GMO&MOU-E,5,OK,False,458227,IS294,L10.528J,325
GMO&MOU-E,0,OK,True,456728,IS295,L10.529K,58
GMO&MOU-E,1,OK,True,457028,IS295,L10.529K,114
GMO&MOU-E,2,OK,True,457328,IS295,L10.529K,168
GMO&MOU-E,3,KO,True,457628,IS295,L10.529K,213
GMO&MOU-E,4,RP,True,457928,IS295,L10.529K,275
GMO&MOU-E,5,OK,True,458228,IS295,L10.529K,325
GMO&MOU-E,0,OK,True,456729,IS296,L10.531M,58
GMO&MOU-E,1,OK,True,457029,IS296,L10.531M,114
GMO&MOU-E,2,OK,True,457329,IS296,L10.531M,168
GMO&MOU-E,3,KO,False,457629,IS296,L10.531M,213
GMO&MOU-E,4,RP,True,457929,IS296,L10.531M,275
GMO&MOU-E,5,OK,True,458229,IS296,L10.531M,325
GMO&MOU-I,0,OK,True,456704,IS271,L10.503E,45
GMO&MOU-I,1,OK,True,457004,IS271,L10.503E,108
GMO&MOU-I,2,OK,True,457304,IS271,L10.503E,155
GMO&MOU-I,3,RP,True,457604,IS271,L10.503E,210
GMO&MOU-I,4,OK,True,457904,IS271,L10.503E,268
GMO&MOU-I,5,OK,True,458204,IS271,L10.503E,324
GMO&MOU-I,0,OK,True,456705,IS272,L10.504F,45
GMO&MOU-I,1,OK,True,457005,IS272,L10.504F,108
GMO&MOU-I,2,OK,True,457305,IS272,L10.504F,155
GMO&MOU-I,3,RP,True,457605,IS272,L10.504F,210
GMO&MOU-I,4,OK,True,457905,IS272,L10.504F,268
GMO&MOU-I,5,OK,True,458205,IS272,L10.504F,324
GMO&MOU-I,0,OK,True,456706,IS273,L10.505G,45
GMO&MOU-I,1,OK,True,457006,IS273,L10.505G,108
GMO&MOU-I,2,OK,True,457306,IS273,L10.505G,155
GMO&MOU-I,3,RP,True,457606,IS273,L10.505G,210
GMO&MOU-I,4,OK,True,457906,IS273,L10.505G,268
GMO&MOU-I,5,OK,True,458206,IS273,L10.505G,324
GMO&MOU-I,0,OK,True,456707,IS274,L10.506H,45
GMO&MOU-I,1,OK,True,457007,IS274,L10.506H,108
GMO&MOU-I,2,OK,True,457307,IS274,L10.506H,155
GMO&MOU-I,3,RP,True,457607,IS274,L10.506H,210
GMO&MOU-I,4,OK,True,457907,IS274,L10.506H,268
GMO&MOU-I,5,OK,True,458207,IS274,L10.506H,324
GMO&MOU-I,0,OK,True,456708,IS275,L10.507J,45
GMO&MOU-I,1,OK,True,457008,IS275,L10.507J,108
GMO&MOU-I,2,OK,True,457308,IS275,L10.507J,155
GMO&MOU-I,3,RP,True,457608,IS275,L10.507J,210
GMO&MOU-I,4,OK,True,457908,IS275,L10.507J,268
GMO&MOU-I,5,OK,True,458208,IS275,L10.507J,324
GMO&MOU-I,0,OK,True,456714,IS281,L10.514S,45
GMO&MOU-I,1,OK,True,457014,IS281,L10.514S,108
GMO&MOU-I,2,OK,True,457314,IS281,L10.514S,155
GMO&MOU-I,3,RP,True,457614,IS281,L10.514S,210
GMO&MOU-I,4,OK,True,457914,IS281,L10.514S,268
GMO&MOU-I,5,OK,True,458214,IS281,L10.514S,324
GMO&MOU-I,0,OK,True,456715,IS282,L10.515T,45
GMO&MOU-I,1,OK,True,457015,IS282,L10.515T,108
GMO&MOU-I,2,OK,True,457315,IS282,L10.515T,155
GMO&MOU-I,3,RP,True,457615,IS282,L10.515T,210
GMO&MOU-I,4,OK,False,457915,IS282,L10.515T,268
GMO&MOU-I,5,OK,True,458215,IS282,L10.515T,324
GMO&MOU-I,0,OK,True,456716,IS283,L10.516U,45
GMO&MOU-I,1,OK,True,457016,IS283,L10.516U,108
GMO&MOU-I,2,OK,True,457316,IS283,L10.516U,155
GMO&MOU-I,3,RP,True,457616,IS283,L10.516U,210
GMO&MOU-I,4,OK,True,457916,IS283,L10.516U,268
GMO&MOU-I,5,OK,True,458216,IS283,L10.516U,324
GMO&MOU-I,0,OK,True,456717,IS284,L10.517V,45
GMO&MOU-I,1,OK,True,457017,IS284,L10.517V,108
GMO&MOU-I,2,OK,True,457317,IS284,L10.517V,155
GMO&MOU-I,3,RP,True,457617,IS284,L10.517V,210
GMO&MOU-I,4,OK,True,457917,IS284,L10.517V,268
GMO&MOU-I,5,OK,True,458217,IS284,L10.517V,324
GMO&MOU-I,0,OK,True,456718,IS285,L10.518W,45
GMO&MOU-I,1,OK,True,457018,IS285,L10.518W,108
GMO&MOU-I,2,OK,True,457318,IS285,L10.518W,155
GMO&MOU-I,3,RP,True,457618,IS285,L10.518W,210
GMO&MOU-I,4,OK,True,457918,IS285,L10.518W,268
GMO&MOU-I,5,OK,True,458218,IS285,L10.518W,324
GMO&MOU-I,0,OK,True,456719,IS286,L10.519X,45
GMO&MOU-I,1,OK,True,457019,IS286,L10.519X,108
GMO&MOU-I,2,OK,True,457319,IS286,L10.519X,155
GMO&MOU-I,3,RP,True,457619,IS286,L10.519X,210
GMO&MOU-I,4,OK,False,457919,IS286,L10.519X,268
GMO&MOU-I,5,OK,True,458219,IS286,L10.519X,324
LAN-W,0,OK,True,456794,IS361,L10.573M,43
LAN-W,1,RP,True,457094,IS361,L10.573M,112
LAN-W,2,RP,True,457394,IS361,L10.573M,147
LAN-W,3,OK,True,457694,IS361,L10.573M,218
LAN-W,4,OK,True,457994,IS361,L10.573M,283
LAN-W,5,OK,True,458294,IS361,L10.573M,337
LAN-W,0,OK,True,456795,IS362,L10.574N,43
LAN-W,1,RP,True,457095,IS362,L10.574N,112
LAN-W,2,RP,True,457395,IS362,L10.574N,147
LAN-W,3,OK,True,457695,IS362,L10.574N,218
LAN-W,4,OK,True,457995,IS362,L10.574N,283
LAN-W,5,OK,True,458295,IS362,L10.574N,337
LAN-W,0,OK,True,456796,IS363,L10.575P,43
LAN-W,1,RP,False,457096,IS363,L10.575P,112
LAN-W,2,RP,True,457396,IS363,L10.575P,147
LAN-W,3,OK,True,457696,IS363,L10.575P,218
LAN-W,4,OK,True,457996,IS363,L10.575P,283
LAN-W,5,OK,True,458296,IS363,L10.575P,337
LAN-W,0,OK,True,456797,IS364,L10.576R,43
LAN-W,1,RP,True,457097,IS364,L10.576R,112
LAN-W,2,RP,True,457397,IS364,L10.576R,147
LAN-W,3,OK,True,457697,IS364,L10.576R,218
LAN-W,4,OK,True,457997,IS364,L10.576R,283
LAN-W,5,OK,True,458297,IS364,L10.576R,337
LAN-W,0,OK,True,456798,IS365,L10.577S,43
LAN-W,1,RP,True,457098,IS365,L10.577S,112
LAN-W,2,RP,True,457398,IS365,L10.577S,147
LAN-W,3,OK,True,457698,IS365,L10.577S,218
LAN-W,4,OK,True,457998,IS365,L10.577S,283
LAN-W,5,OK,True,458298,IS365,L10.577S,337
LAN-W,0,OK,True,456799,IS366,L10.578T,43
LAN-W,1,RP,True,457099,IS366,L10.578T,112
LAN-W,2,RP,True,457399,IS366,L10.578T,147
LAN-W,3,OK,True,457699,IS366,L10.578T,218
LAN-W,4,OK,True,457999,IS366,L10.578T,283
LAN-W,5,OK,True,458299,IS366,L10.578T,337
LAN-W,0,OK,False,456800,IS367,L10.579U,43
LAN-W,1,RP,True,457100,IS367,L10.579U,112
LAN-W,2,RP,True,457400,IS367,L10.579U,147
LAN-W,3,OK,True,457700,IS367,L10.579U,218
LAN-W,4,OK,True,458000,IS367,L10.579U,283
LAN-W,5,OK,True,458300,IS367,L10.579U,337
LAN-W,0,OK,True,456801,IS368,L10.581W,43
LAN-W,1,RP,True,457101,IS368,L10.581W,112
LAN-W,2,RP,True,457401,IS368,L10.581W,147
LAN-W,3,OK,True,457701,IS368,L10.581W,218
LAN-W,4,OK,True,458001,IS368,L10.581W,283
LAN-W,5,OK,True,458301,IS368,L10.581W,337
LAN-W,0,OK,True,456802,IS369,L10.582X,43
LAN-W,1,RP,True,457102,IS369,L10.582X,112
LAN-W,2,RP,True,457402,IS369,L10.582X,147
LAN-W,3,OK,True,457702,IS369,L10.582X,218
LAN-W,4,OK,True,458002,IS369,L10.582X,283
LAN-W,5,OK,True,458302,IS369,L10.582X,337
LAN-W,0,OK,True,456803,IS370,L10.583Y,43
LAN-W,1,RP,True,457103,IS370,L10.583Y,112
LAN-W,2,RP,True,457403,IS370,L10.583Y,147
LAN-W,3,OK,True,457703,IS370,L10.583Y,218
LAN-W,4,OK,True,458003,IS370,L10.583Y,283
LAN-W,5,OK,True,458303,IS370,L10.583Y,337
LAN-Y,0,OK,True,456784,IS351,L10.562Y,58
LAN-Y,1,OK,True,457084,IS351,L10.562Y,113
LAN-Y,2,OK,True,457384,IS351,L10.562Y,171
LAN-Y,3,OK,True,457684,IS351,L10.562Y,227
LAN-Y,4,KO,True,457984,IS351,L10.562Y,280
LAN-Y,5,OK,True,458284,IS351,L10.562Y,329
LAN-Y,0,OK,True,456785,IS352,L10.563A,58
LAN-Y,1,OK,True,457085,IS352,L10.563A,113
LAN-Y,2,OK,True,457385,IS352,L10.563A,171
LAN-Y,3,OK,True,457685,IS352,L10.563A,227
LAN-Y,4,KO,True,457985,IS352,L10.563A,280
LAN-Y,5,OK,True,458285,IS352,L10.563A,329
LAN-Y,0,OK,True,456786,IS353,L10.564C,58
LAN-Y,1,OK,True,457086,IS353,L10.564C,113
LAN-Y,2,OK,True,457386,IS353,L10.564C,171
LAN-Y,3,OK,True,457686,IS353,L10.564C,227
LAN-Y,4,KO,True,457986,IS353,L10.564C,280
LAN-Y,5,OK,True,458286,IS353,L10.564C,329
LAN-Y,0,OK,True,456787,IS354,L10.565D,58
LAN-Y,1,OK,True,457087,IS354,L10.565D,113
LAN-Y,2,OK,True,457387,IS354,L10.565D,171
LAN-Y,3,OK,False,457687,IS354,L10.565D,227
LAN-Y,4,KO,True,457987,IS354,L10.565D,280
LAN-Y,5,OK,True,458287,IS354,L10.565D,329
LAN-Y,0,OK,True,456788,IS355,L10.566E,58
LAN-Y,1,OK,True,457088,IS355,L10.566E,113
LAN-Y,2,OK,True,457388,IS355,L10.566E,171
LAN-Y,3,OK,True,457688,IS355,L10.566E,227
LAN-Y,4,KO,True,457988,IS355,L10.566E,280
LAN-Y,5,OK,True,458288,IS355,L10.566E,329
LAN-Y,0,OK,True,456789,IS356,L10.567F,58
LAN-Y,1,OK,True,457089,IS356,L10.567F,113
LAN-Y,2,OK,True,457389,IS356,L10.567F,171
LAN-Y,3,OK,True,457689,IS356,L10.567F,227
LAN-Y,4,KO,True,457989,IS356,L10.567F,280
LAN-Y,5,OK,True,458289,IS356,L10.567F,329
LAN-Y,0,OK,True,456790,IS357,L10.568G,58
LAN-Y,1,OK,True,457090,IS357,L10.568G,113
LAN-Y,2,OK,True,457390,IS357,L10.568G,171
LAN-Y,3,OK,True,457690,IS357,L10.568G,227
LAN-Y,4,KO,True,457990,IS357,L10.568G,280
LAN-Y,5,OK,False,458290,IS357,L10.568G,329
LAN-Y,0,OK,True,456791,IS358,L10.569H,58
LAN-Y,1,OK,True,457091,IS358,L10.569H,113
LAN-Y,2,OK,True,457391,IS358,L10.569H,171
LAN-Y,3,OK,True,457691,IS358,L10.569H,227
LAN-Y,4,KO,True,457991,IS358,L10.569H,280
LAN-Y,5,OK,True,458291,IS358,L10.569H,329
LAN-Y,0,OK,True,456792,IS359,L10.571K,58
LAN-Y,1,OK,True,457092,IS359,L10.571K,113
LAN-Y,2,OK,True,457392,IS359,L10.571K,171
LAN-Y,3,OK,True,457692,IS359,L10.571K,227
LAN-Y,4,KO,True,457992,IS359,L10.571K,280
LAN-Y,5,OK,True,458292,IS359,L10.571K,329
LAN-Y,0,OK,True,456793,IS360,L10.572L,58
LAN-Y,1,OK,True,457093,IS360,L10.572L,113
LAN-Y,2,OK,True,457393,IS360,L10.572L,171
LAN-Y,3,OK,True,457693,IS360,L10.572L,227
LAN-Y,4,KO,True,457993,IS360,L10.572L,280
LAN-Y,5,OK,True,458293,IS360,L10.572L,329
NAN-E,0,OK,False,456621,IS122,L10.389T,57
NAN-E,1,OK,True,456921,IS122,L10.389T,105
NAN-E,2,KO,True,457221,IS122,L10.389T,171
NAN-E,3,OK,True,457521,IS122,L10.389T,225
NAN-E,4,OK,True,457821,IS122,L10.389T,273
NAN-E,5,OK,True,458121,IS122,L10.389T,323
NAN-E,0,OK,True,456622,IS123,L10.391V,57
NAN-E,1,OK,True,456922,IS123,L10.391V,105
NAN-E,2,KO,True,457222,IS123,L10.391V,171
NAN-E,3,OK,True,457522,IS123,L10.391V,225
NAN-E,4,OK,True,457822,IS123,L10.391V,273
NAN-E,5,OK,True,458122,IS123,L10.391V,323
NAN-E,0,OK,True,456623,IS124,L10.392W,57
NAN-E,1,OK,True,456923,IS124,L10.392W,105
NAN-E,2,KO,True,457223,IS124,L10.392W,171
NAN-E,3,OK,True,457523,IS124,L10.392W,225
NAN-E,4,OK,True,457823,IS124,L10.392W,273
NAN-E,5,OK,True,458123,IS124,L10.392W,323
NAN-E,0,OK,True,456624,IS125,L10.393X,57
NAN-E,1,OK,False,456924,IS125,L10.393X,105
NAN-E,2,KO,True,457224,IS125,L10.393X,171
NAN-E,3,OK,True,457524,IS125,L10.393X,225
NAN-E,4,OK,True,457824,IS125,L10.393X,273
NAN-E,5,OK,True,458124,IS125,L10.393X,323
NAN-E,0,OK,True,456625,IS126,L10.394Y,57
NAN-E,1,OK,True,456925,IS126,L10.394Y,105
NAN-E,2,KO,True,457225,IS126,L10.394Y,171
NAN-E,3,OK,True,457525,IS126,L10.394Y,225
NAN-E,4,OK,True,457825,IS126,L10.394Y,273
NAN-E,5,OK,True,458125,IS126,L10.394Y,323
NAN-E,0,OK,True,456663,IS179,L10.438C,57
NAN-E,1,OK,True,456963,IS179,L10.438C,105
NAN-E,2,KO,True,457263,IS179,L10.438C,171
NAN-E,3,OK,True,457563,IS179,L10.438C,225
NAN-E,4,OK,True,457863,IS179,L10.438C,273
NAN-E,5,OK,True,458163,IS179,L10.438C,323
NAN-E,0,OK,True,456664,IS180,L10.439D,57
NAN-E,1,OK,False,456964,IS180,L10.439D,105
NAN-E,2,KO,True,457264,IS180,L10.439D,171
NAN-E,3,OK,True,457564,IS180,L10.439D,225
NAN-E,4,OK,True,457864,IS180,L10.439D,273
NAN-E,5,OK,True,458164,IS180,L10.439D,323
NAN-E,0,OK,True,456665,IS181,L10.441F,57
NAN-E,1,OK,True,456965,IS181,L10.441F,105
NAN-E,2,KO,True,457265,IS181,L10.441F,171
NAN-E,3,OK,True,457565,IS181,L10.441F,225
NAN-E,4,OK,True,457865,IS181,L10.441F,273
NAN-E,5,OK,True,458165,IS181,L10.441F,323
NAN-E,0,OK,True,456666,IS182,L10.442G,57
NAN-E,1,OK,True,456966,IS182,L10.442G,105
NAN-E,2,KO,True,457266,IS182,L10.442G,171
NAN-E,3,OK,True,457566,IS182,L10.442G,225
NAN-E,4,OK,True,457866,IS182,L10.442G,273
NAN-E,5,OK,True,458166,IS182,L10.442G,323
NAN-E,0,OK,True,456667,IS183,L10.443H,57
NAN-E,1,OK,True,456967,IS183,L10.443H,105
NAN-E,2,KO,True,457267,IS183,L10.443H,171
NAN-E,3,OK,True,457567,IS183,L10.443H,225
NAN-E,4,OK,True,457867,IS183,L10.443H,273
NAN-E,5,OK,True,458167,IS183,L10.443H,323
NAN-E,0,OK,True,456668,IS184,L10.444J,57
NAN-E,1,OK,True,456968,IS184,L10.444J,105
NAN-E,2,KO,True,457268,IS184,L10.444J,171
NAN-E,3,OK,True,457568,IS184,L10.444J,225
NAN-E,4,OK,True,457868,IS184,L10.444J,273
NAN-E,5,OK,True,458168,IS184,L10.444J,323
NAN-I,0,OK,True,456619,IS120,L10.387R,45
NAN-I,1,OK,True,456919,IS120,L10.387R,105
NAN-I,2,KO,True,457219,IS120,L10.387R,148
NAN-I,3,OK,False,457519,IS120,L10.387R,224
NAN-I,4,OK,True,457819,IS120,L10.387R,275
NAN-I,5,KO,True,458119,IS120,L10.387R,329
NAN-I,0,OK,True,456655,IS171,L10.429R,45
NAN-I,1,OK,True,456955,IS171,L10.429R,105
NAN-I,2,KO,True,457255,IS171,L10.429R,148
NAN-I,3,OK,True,457555,IS171,L10.429R,224
NAN-I,4,OK,True,457855,IS171,L10.429R,275
NAN-I,5,KO,True,458155,IS171,L10.429R,329
NAN-I,0,OK,True,456656,IS172,L10.431T,45
NAN-I,1,OK,True,456956,IS172,L10.431T,105
NAN-I,2,KO,True,457256,IS172,L10.431T,148
NAN-I,3,OK,True,457556,IS172,L10.431T,224
NAN-I,4,OK,True,457856,IS172,L10.431T,275
NAN-I,5,KO,True,458156,IS172,L10.431T,329
NAN-I,0,OK,True,456657,IS173,L10.432U,45
NAN-I,1,OK,True,456957,IS173,L10.432U,105
NAN-I,2,KO,True,457257,IS173,L10.432U,148
NAN-I,3,OK,True,457557,IS173,L10.432U,224
NAN-I,4,OK,True,457857,IS173,L10.432U,275
NAN-I,5,KO,False,458157,IS173,L10.432U,329
NAN-I,0,OK,True,456658,IS174,L10.433V,45
NAN-I,1,OK,True,456958,IS174,L10.433V,105
NAN-I,2,KO,True,457258,IS174,L10.433V,148
NAN-I,3,OK,True,457558,IS174,L10.433V,224
NAN-I,4,OK,True,457858,IS174,L10.433V,275
NAN-I,5,KO,False,458158,IS174,L10.433V,329
NAN-I,0,OK,True,456659,IS175,L10.434W,45
NAN-I,1,OK,True,456959,IS175,L10.434W,105
NAN-I,2,KO,True,457259,IS175,L10.434W,148
NAN-I,3,OK,True,457559,IS175,L10.434W,224
NAN-I,4,OK,True,457859,IS175,L10.434W,275
NAN-I,5,KO,True,458159,IS175,L10.434W,329
NAN-I,0,OK,True,456662,IS178,L10.437A,45
NAN-I,1,OK,True,456962,IS178,L10.437A,105
NAN-I,2,KO,True,457262,IS178,L10.437A,148
NAN-I,3,OK,True,457562,IS178,L10.437A,224
NAN-I,4,OK,False,457862,IS178,L10.437A,275
NAN-I,5,KO,True,458162,IS178,L10.437A,329
NOG-E,0,OK,True,456695,IS261,L10.493S,36
NOG-E,1,OK,True,456995,IS261,L10.493S,93
NOG-E,2,OK,True,457295,IS261,L10.493S,155
NOG-E,3,RP,True,457595,IS261,L10.493S,227
NOG-E,4,RP,True,457895,IS261,L10.493S,276
NOG-E,5,OK,True,458195,IS261,L10.493S,315
NOG-E,0,OK,True,456696,IS262,L10.494T,36
NOG-E,1,OK,True,456996,IS262,L10.494T,93
NOG-E,2,OK,True,457296,IS262,L10.494T,155
NOG-E,3,RP,True,457596,IS262,L10.494T,227
NOG-E,4,RP,True,457896,IS262,L10.494T,276
NOG-E,5,OK,True,458196,IS262,L10.494T,315
NOG-E,0,OK,True,456697,IS263,L10.495U,36
NOG-E,1,OK,True,456997,IS263,L10.495U,93
NOG-E,2,OK,True,457297,IS263,L10.495U,155
NOG-E,3,RP,True,457597,IS263,L10.495U,227
NOG-E,4,RP,True,457897,IS263,L10.495U,276
NOG-E,5,OK,True,458197,IS263,L10.495U,315
NOG-E,0,OK,False,456698,IS264,L10.496V,36
NOG-E,1,OK,True,456998,IS264,L10.496V,93
NOG-E,2,OK,True,457298,IS264,L10.496V,155
NOG-E,3,RP,True,457598,IS264,L10.496V,227
NOG-E,4,RP,True,457898,IS264,L10.496V,276
NOG-E,5,OK,True,458198,IS264,L10.496V,315
NOG-E,0,OK,True,456699,IS265,L10.497W,36
NOG-E,1,OK,True,456999,IS265,L10.497W,93
NOG-E,2,OK,True,457299,IS265,L10.497W,155
NOG-E,3,RP,True,457599,IS265,L10.497W,227
NOG-E,4,RP,True,457899,IS265,L10.497W,276
NOG-E,5,OK,True,458199,IS265,L10.497W,315
NOG-E,0,OK,True,456700,IS266,L10.498X,36
NOG-E,1,OK,True,457000,IS266,L10.498X,93
NOG-E,2,OK,True,457300,IS266,L10.498X,155
NOG-E,3,RP,True,457600,IS266,L10.498X,227
NOG-E,4,RP,True,457900,IS266,L10.498X,276
NOG-E,5,OK,True,458200,IS266,L10.498X,315
NOG-E,0,OK,True,456701,IS267,L10.499Y,36
NOG-E,1,OK,True,457001,IS267,L10.499Y,93
NOG-E,2,OK,True,457301,IS267,L10.499Y,155
NOG-E,3,RP,True,457601,IS267,L10.499Y,227
NOG-E,4,RP,True,457901,IS267,L10.499Y,276
NOG-E,5,OK,True,458201,IS267,L10.499Y,315
NOG-E,0,OK,True,456702,IS268,L10.501C,36
NOG-E,1,OK,True,457002,IS268,L10.501C,93
NOG-E,2,OK,True,457302,IS268,L10.501C,155
NOG-E,3,RP,True,457602,IS268,L10.501C,227
NOG-E,4,RP,True,457902,IS268,L10.501C,276
NOG-E,5,OK,True,458202,IS268,L10.501C,315
NOG-E,0,OK,True,456703,IS269,L10.502D,36
NOG-E,1,OK,True,457003,IS269,L10.502D,93
NOG-E,2,OK,True,457303,IS269,L10.502D,155
NOG-E,3,RP,True,457603,IS269,L10.502D,227
NOG-E,4,RP,True,457903,IS269,L10.502D,276
NOG-E,5,OK,True,458203,IS269,L10.502D,315
NOG-I,0,OK,True,456685,IS251,L10.482E,43
NOG-I,1,OK,True,456985,IS251,L10.482E,101
NOG-I,2,OK,True,457285,IS251,L10.482E,164
NOG-I,3,OK,True,457585,IS251,L10.482E,219
NOG-I,4,OK,True,457885,IS251,L10.482E,274
NOG-I,5,KO,True,458185,IS251,L10.482E,316
NOG-I,0,OK,False,456686,IS252,L10.483F,43
NOG-I,1,OK,True,456986,IS252,L10.483F,101
NOG-I,2,OK,True,457286,IS252,L10.483F,164
NOG-I,3,OK,False,457586,IS252,L10.483F,219
NOG-I,4,OK,True,457886,IS252,L10.483F,274
NOG-I,5,KO,True,458186,IS252,L10.483F,316
NOG-I,0,OK,True,456687,IS253,L10.484G,43
NOG-I,1,OK,True,456987,IS253,L10.484G,101
NOG-I,2,OK,True,457287,IS253,L10.484G,164
NOG-I,3,OK,True,457587,IS253,L10.484G,219
NOG-I,4,OK,False,457887,IS253,L10.484G,274
NOG-I,5,KO,True,458187,IS253,L10.484G,316
NOG-I,0,OK,True,456688,IS254,L10.485H,43
NOG-I,1,OK,True,456988,IS254,L10.485H,101
NOG-I,2,OK,True,457288,IS254,L10.485H,164
NOG-I,3,OK,True,457588,IS254,L10.485H,219
NOG-I,4,OK,True,457888,IS254,L10.485H,274
NOG-I,5,KO,True,458188,IS254,L10.485H,316
NOG-I,0,OK,True,456689,IS255,L10.486J,43
NOG-I,1,OK,False,456989,IS255,L10.486J,101
NOG-I,2,OK,True,457289,IS255,L10.486J,164
NOG-I,3,OK,True,457589,IS255,L10.486J,219
NOG-I,4,OK,True,457889,IS255,L10.486J,274
NOG-I,5,KO,True,458189,IS255,L10.486J,316
NOG-I,0,OK,True,456690,IS256,L10.487K,43
NOG-I,1,OK,True,456990,IS256,L10.487K,101
NOG-I,2,OK,True,457290,IS256,L10.487K,164
NOG-I,3,OK,True,457590,IS256,L10.487K,219
NOG-I,4,OK,True,457890,IS256,L10.487K,274
NOG-I,5,KO,True,458190,IS256,L10.487K,316
NOG-I,0,OK,True,456691,IS257,L10.488L,43
NOG-I,1,OK,True,456991,IS257,L10.488L,101
NOG-I,2,OK,True,457291,IS257,L10.488L,164
NOG-I,3,OK,True,457591,IS257,L10.488L,219
NOG-I,4,OK,True,457891,IS257,L10.488L,274
NOG-I,5,KO,True,458191,IS257,L10.488L,316
NOG-I,0,OK,True,456692,IS258,L10.489M,43
NOG-I,1,OK,True,456992,IS258,L10.489M,101
NOG-I,2,OK,True,457292,IS258,L10.489M,164
NOG-I,3,OK,True,457592,IS258,L10.489M,219
NOG-I,4,OK,True,457892,IS258,L10.489M,274
NOG-I,5,KO,True,458192,IS258,L10.489M,316
NOG-I,0,OK,True,456693,IS259,L10.491P,43
NOG-I,1,OK,True,456993,IS259,L10.491P,101
NOG-I,2,OK,True,457293,IS259,L10.491P,164
NOG-I,3,OK,True,457593,IS259,L10.491P,219
NOG-I,4,OK,True,457893,IS259,L10.491P,274
NOG-I,5,KO,True,458193,IS259,L10.491P,316
NOG-I,0,OK,True,456694,IS260,L10.492R,43
NOG-I,1,OK,True,456994,IS260,L10.492R,101
NOG-I,2,OK,False,457294,IS260,L10.492R,164
NOG-I,3,OK,True,457594,IS260,L10.492R,219
NOG-I,4,OK,True,457894,IS260,L10.492R,274
NOG-I,5,KO,True,458194,IS260,L10.492R,316
ORL,0,OK,True,456835,IS481,L10.654J,43
ORL,1,OK,True,457135,IS481,L10.654J,108
ORL,2,OK,True,457435,IS481,L10.654J,168
ORL,3,OK,True,457735,IS481,L10.654J,225
ORL,4,RP,True,458035,IS481,L10.654J,267
ORL,5,OK,True,458335,IS481,L10.654J,330
ORL,0,OK,True,456836,IS482,L10.655K,43
ORL,1,OK,True,457136,IS482,L10.655K,108
ORL,2,OK,True,457436,IS482,L10.655K,168
ORL,3,OK,True,457736,IS482,L10.655K,225
ORL,4,RP,True,458036,IS482,L10.655K,267
ORL,5,OK,True,458336,IS482,L10.655K,330
RUE-E,0,KO,True,456844,IS338,L10.553N,38
RUE-E,1,OK,True,457144,IS338,L10.553N,99
RUE-E,2,KO,True,457444,IS338,L10.553N,150
RUE-E,3,OK,True,457744,IS338,L10.553N,225
RUE-E,4,OK,True,458044,IS338,L10.553N,283
RUE-E,5,OK,True,458344,IS338,L10.553N,325
RUE-E,0,KO,True,456845,IS339,L10.554P,38
RUE-E,1,OK,True,457145,IS339,L10.554P,99
RUE-E,2,KO,True,457445,IS339,L10.554P,150
RUE-E,3,OK,True,457745,IS339,L10.554P,225
RUE-E,4,OK,True,458045,IS339,L10.554P,283
RUE-E,5,OK,True,458345,IS339,L10.554P,325
RUE-E,0,KO,True,456846,IS340,L10.555R,38
RUE-E,1,OK,False,457146,IS340,L10.555R,99
RUE-E,2,KO,True,457446,IS340,L10.555R,150
RUE-E,3,OK,True,457746,IS340,L10.555R,225
RUE-E,4,OK,True,458046,IS340,L10.555R,283
RUE-E,5,OK,True,458346,IS340,L10.555R,325
RUE-E,0,KO,True,456847,IS341,L10.556S,38
RUE-E,1,OK,False,457147,IS341,L10.556S,99
RUE-E,2,KO,True,457447,IS341,L10.556S,150
RUE-E,3,OK,True,457747,IS341,L10.556S,225
RUE-E,4,OK,True,458047,IS341,L10.556S,283
RUE-E,5,OK,True,458347,IS341,L10.556S,325
RUE-E,0,KO,True,456848,IS342,L10.557T,38
RUE-E,1,OK,True,457148,IS342,L10.557T,99
RUE-E,2,KO,True,457448,IS342,L10.557T,150
RUE-E,3,OK,True,457748,IS342,L10.557T,225
RUE-E,4,OK,True,458048,IS342,L10.557T,283
RUE-E,5,OK,True,458348,IS342,L10.557T,325
RUE-E,0,KO,True,456849,IS343,L10.558U,38
RUE-E,1,OK,True,457149,IS343,L10.558U,99
RUE-E,2,KO,True,457449,IS343,L10.558U,150
RUE-E,3,OK,False,457749,IS343,L10.558U,225
RUE-E,4,OK,True,458049,IS343,L10.558U,283
RUE-E,5,OK,True,458349,IS343,L10.558U,325
RUE-E,0,KO,True,456850,IS344,L10.559V,38
RUE-E,1,OK,True,457150,IS344,L10.559V,99
RUE-E,2,KO,False,457450,IS344,L10.559V,150
RUE-E,3,OK,True,457750,IS344,L10.559V,225
RUE-E,4,OK,True,458050,IS344,L10.559V,283
RUE-E,5,OK,True,458350,IS344,L10.559V,325
RUE-E,0,KO,True,456851,IS345,L10.561X,38
RUE-E,1,OK,True,457151,IS345,L10.561X,99
RUE-E,2,KO,True,457451,IS345,L10.561X,150
RUE-E,3,OK,True,457751,IS345,L10.561X,225
RUE-E,4,OK,True,458051,IS345,L10.561X,283
RUE-E,5,OK,True,458351,IS345,L10.561X,325
RUE-I,0,OK,False,456837,IS331,L10.545E,35
RUE-I,1,OK,True,457137,IS331,L10.545E,115
RUE-I,2,OK,True,457437,IS331,L10.545E,156
RUE-I,3,KO,True,457737,IS331,L10.545E,210
RUE-I,4,OK,True,458037,IS331,L10.545E,280
RUE-I,5,OK,True,458337,IS331,L10.545E,338
RUE-I,0,OK,True,456838,IS332,L10.546F,35
RUE-I,1,OK,True,457138,IS332,L10.546F,115
RUE-I,2,OK,True,457438,IS332,L10.546F,156
RUE-I,3,KO,True,457738,IS332,L10.546F,210
RUE-I,4,OK,True,458038,IS332,L10.546F,280
RUE-I,5,OK,True,458338,IS332,L10.546F,338
RUE-I,0,OK,True,456839,IS333,L10.547G,35
RUE-I,1,OK,True,457139,IS333,L10.547G,115
RUE-I,2,OK,True,457439,IS333,L10.547G,156
RUE-I,3,KO,True,457739,IS333,L10.547G,210
RUE-I,4,OK,True,458039,IS333,L10.547G,280
RUE-I,5,OK,True,458339,IS333,L10.547G,338
RUE-I,0,OK,True,456840,IS334,L10.548H,35
RUE-I,1,OK,True,457140,IS334,L10.548H,115
RUE-I,2,OK,True,457440,IS334,L10.548H,156
RUE-I,3,KO,True,457740,IS334,L10.548H,210
RUE-I,4,OK,False,458040,IS334,L10.548H,280
RUE-I,5,OK,True,458340,IS334,L10.548H,338
RUE-I,0,OK,True,456841,IS335,L10.549J,35
RUE-I,1,OK,True,457141,IS335,L10.549J,115
RUE-I,2,OK,True,457441,IS335,L10.549J,156
RUE-I,3,KO,True,457741,IS335,L10.549J,210
RUE-I,4,OK,True,458041,IS335,L10.549J,280
RUE-I,5,OK,True,458341,IS335,L10.549J,338
RUE-I,0,OK,True,456842,IS336,L10.551L,35
RUE-I,1,OK,True,457142,IS336,L10.551L,115
RUE-I,2,OK,True,457442,IS336,L10.551L,156
RUE-I,3,KO,True,457742,IS336,L10.551L,210
RUE-I,4,OK,True,458042,IS336,L10.551L,280
RUE-I,5,OK,True,458342,IS336,L10.551L,338
RUE-I,0,OK,True,456843,IS337,L10.552M,35
RUE-I,1,OK,False,457143,IS337,L10.552M,115
RUE-I,2,OK,True,457443,IS337,L10.552M,156
RUE-I,3,KO,True,457743,IS337,L10.552M,210
RUE-I,4,OK,True,458043,IS337,L10.552M,280
RUE-I,5,OK,True,458343,IS337,L10.552M,338
SEV,0,OK,True,456671,IS511,L10.671E,35
SEV,1,OK,True,456971,IS511,L10.671E,101
SEV,2,OK,True,457271,IS511,L10.671E,155
SEV,3,OK,True,457571,IS511,L10.671E,226
SEV,4,OK,True,457871,IS511,L10.671E,280
SEV,5,KO,True,458171,IS511,L10.671E,315
SEV,0,OK,True,456672,IS512,L10.672F,35
SEV,1,OK,True,456972,IS512,L10.672F,101
SEV,2,OK,True,457272,IS512,L10.672F,155
SEV,3,OK,True,457572,IS512,L10.672F,226
SEV,4,OK,True,457872,IS512,L10.672F,280
SEV,5,KO,True,458172,IS512,L10.672F,315
SEV,0,OK,True,456673,IS513,L10.673G,35
SEV,1,OK,True,456973,IS513,L10.673G,101
SEV,2,OK,True,457273,IS513,L10.673G,155
SEV,3,OK,True,457573,IS513,L10.673G,226
SEV,4,OK,True,457873,IS513,L10.673G,280
SEV,5,KO,True,458173,IS513,L10.673G,315
SEV,0,OK,True,456674,IS514,L10.674H,35
SEV,1,OK,True,456974,IS514,L10.674H,101
SEV,2,OK,True,457274,IS514,L10.674H,155
SEV,3,OK,True,457574,IS514,L10.674H,226
SEV,4,OK,True,457874,IS514,L10.674H,280
SEV,5,KO,True,458174,IS514,L10.674H,315
SEV,0,OK,True,456675,IS515,L10.675J,35
SEV,1,OK,True,456975,IS515,L10.675J,101
SEV,2,OK,True,457275,IS515,L10.675J,155
SEV,3,OK,True,457575,IS515,L10.675J,226
SEV,4,OK,True,457875,IS515,L10.675J,280
SEV,5,KO,True,458175,IS515,L10.675J,315
SEV,0,OK,True,456676,IS516,L10.676K,35
SEV,1,OK,True,456976,IS516,L10.676K,101
SEV,2,OK,True,457276,IS516,L10.676K,155
SEV,3,OK,True,457576,IS516,L10.676K,226
SEV,4,OK,True,457876,IS516,L10.676K,280
SEV,5,KO,True,458176,IS516,L10.676K,315
TAV,0,OK,True,456804,IS471,L10.647A,37
TAV,1,OK,True,457104,IS471,L10.647A,108
TAV,2,OK,True,457404,IS471,L10.647A,171
TAV,3,OK,True,457704,IS471,L10.647A,217
TAV,4,OK,True,458004,IS471,L10.647A,259
TAV,5,OK,True,458304,IS471,L10.647A,336
TAV,0,OK,True,456805,IS472,L10.648C,37
TAV,1,OK,True,457105,IS472,L10.648C,108
TAV,2,OK,True,457405,IS472,L10.648C,171
TAV,3,OK,True,457705,IS472,L10.648C,217
TAV,4,OK,True,458005,IS472,L10.648C,259
TAV,5,OK,True,458305,IS472,L10.648C,336
TAV,0,OK,True,456806,IS473,L10.649D,37
TAV,1,OK,True,457106,IS473,L10.649D,108
TAV,2,OK,True,457406,IS473,L10.649D,171
TAV,3,OK,True,457706,IS473,L10.649D,217
TAV,4,OK,False,458006,IS473,L10.649D,259
TAV,5,OK,True,458306,IS473,L10.649D,336
TAV,0,OK,True,456807,IS474,L10.651F,37
TAV,1,OK,True,457107,IS474,L10.651F,108
TAV,2,OK,True,457407,IS474,L10.651F,171
TAV,3,OK,True,457707,IS474,L10.651F,217
TAV,4,OK,True,458007,IS474,L10.651F,259
TAV,5,OK,True,458307,IS474,L10.651F,336
TAV,0,OK,True,456808,IS475,L10.652G,37
TAV,1,OK,True,457108,IS475,L10.652G,108
TAV,2,OK,True,457408,IS475,L10.652G,171
TAV,3,OK,False,457708,IS475,L10.652G,217
TAV,4,OK,True,458008,IS475,L10.652G,259
TAV,5,OK,True,458308,IS475,L10.652G,336
TAV,0,OK,True,456809,IS476,L10.653H,37
TAV,1,OK,True,457109,IS476,L10.653H,108
TAV,2,OK,True,457409,IS476,L10.653H,171
TAV,3,OK,True,457709,IS476,L10.653H,217
TAV,4,OK,True,458009,IS476,L10.653H,259
TAV,5,OK,True,458309,IS476,L10.653H,336
